Source;Target;Type;Weight
116;173;Undirected;1
111;138;Undirected;1
195;181;Undirected;1
611;689;Undirected;1
585;515;Undirected;1
384;355;Undirected;1
147;138;Undirected;1
961;952;Undirected;1
895;877;Undirected;1
661;695;Undirected;1
8;38;Undirected;1
8;13;Undirected;1
627;641;Undirected;1
646;615;Undirected;1
588;521;Undirected;1
898;876;Undirected;1
804;872;Undirected;1
104;130;Undirected;1
232;284;Undirected;1
269;266;Undirected;1
377;395;Undirected;1
692;680;Undirected;1
319;364;Undirected;1
330;351;Undirected;1
970;996;Undirected;1
256;277;Undirected;1
436;409;Undirected;1
345;358;Undirected;1
409;467;Undirected;1
928;962;Undirected;1
635;691;Undirected;1
241;255;Undirected;1
514;593;Undirected;1
948;963;Undirected;1
8;75;Undirected;1
138;102;Undirected;1
544;518;Undirected;1
176;107;Undirected;1
130;125;Undirected;1
808;853;Undirected;1
976;954;Undirected;1
822;892;Undirected;1
284;259;Undirected;1
739;724;Undirected;1
978;913;Undirected;1
867;830;Undirected;1
414;460;Undirected;1
409;466;Undirected;1
745;756;Undirected;1
903;914;Undirected;1
549;582;Undirected;1
612;629;Undirected;1
721;755;Undirected;1
442;426;Undirected;1
893;886;Undirected;1
572;508;Undirected;1
747;704;Undirected;1
771;796;Undirected;1
595;528;Undirected;1
821;898;Undirected;1
551;593;Undirected;1
79;84;Undirected;1
302;341;Undirected;1
179;138;Undirected;1
447;495;Undirected;1
376;337;Undirected;1
394;381;Undirected;1
436;476;Undirected;1
263;223;Undirected;1
891;877;Undirected;1
530;576;Undirected;1
551;578;Undirected;1
468;416;Undirected;1
347;332;Undirected;1
523;532;Undirected;1
598;522;Undirected;1
542;586;Undirected;1
851;811;Undirected;1
122;183;Undirected;1
386;397;Undirected;1
595;515;Undirected;1
162;112;Undirected;1
619;665;Undirected;1
283;210;Undirected;1
662;645;Undirected;1
91;98;Undirected;1
843;865;Undirected;1
616;689;Undirected;1
599;578;Undirected;1
416;460;Undirected;1
998;913;Undirected;1
385;400;Undirected;1
384;386;Undirected;1
894;848;Undirected;1
835;834;Undirected;1
774;738;Undirected;1
413;499;Undirected;1
651;656;Undirected;1
578;520;Undirected;1
586;563;Undirected;1
17;76;Undirected;1
40;7;Undirected;1
944;950;Undirected;1
661;697;Undirected;1
661;615;Undirected;1
939;956;Undirected;1
153;112;Undirected;1
631;698;Undirected;1
897;827;Undirected;1
815;839;Undirected;1
577;518;Undirected;1
239;237;Undirected;1
867;884;Undirected;1
713;777;Undirected;1
615;651;Undirected;1
249;236;Undirected;1
535;503;Undirected;1
878;823;Undirected;1
504;512;Undirected;1
911;927;Undirected;1
798;769;Undirected;1
471;435;Undirected;1
776;728;Undirected;1
666;681;Undirected;1
590;575;Undirected;1
716;719;Undirected;1
166;136;Undirected;1
748;780;Undirected;1
973;914;Undirected;1
859;839;Undirected;1
945;924;Undirected;1
402;411;Undirected;1
488;441;Undirected;1
195;189;Undirected;1
240;261;Undirected;1
553;586;Undirected;1
757;755;Undirected;1
491;408;Undirected;1
164;133;Undirected;1
220;264;Undirected;1
388;350;Undirected;1
93;74;Undirected;1
739;777;Undirected;1
167;169;Undirected;1
877;855;Undirected;1
36;24;Undirected;1
638;624;Undirected;1
335;307;Undirected;1
959;989;Undirected;1
720;800;Undirected;1
8;49;Undirected;1
537;584;Undirected;1
164;144;Undirected;1
141;107;Undirected;1
319;363;Undirected;1
55;2;Undirected;1
733;759;Undirected;1
400;395;Undirected;1
745;735;Undirected;1
931;952;Undirected;1
482;403;Undirected;1
58;22;Undirected;1
422;425;Undirected;1
996;924;Undirected;1
759;800;Undirected;1
142;123;Undirected;1
382;388;Undirected;1
905;901;Undirected;1
71;98;Undirected;1
840;856;Undirected;1
202;277;Undirected;1
8;89;Undirected;1
368;310;Undirected;1
645;611;Undirected;1
741;747;Undirected;1
997;987;Undirected;1
119;186;Undirected;1
211;271;Undirected;1
934;921;Undirected;1
39;49;Undirected;1
895;821;Undirected;1
80;45;Undirected;1
580;516;Undirected;1
602;635;Undirected;1
800;731;Undirected;1
920;995;Undirected;1
564;548;Undirected;1
714;787;Undirected;1
521;590;Undirected;1
983;993;Undirected;1
970;963;Undirected;1
601;606;Undirected;1
999;915;Undirected;1
78;98;Undirected;1
588;571;Undirected;1
280;286;Undirected;1
597;527;Undirected;1
901;938;Undirected;1
869;859;Undirected;1
414;412;Undirected;1
891;883;Undirected;1
388;317;Undirected;1
923;970;Undirected;1
974;983;Undirected;1
184;135;Undirected;1
147;138;Undirected;1
746;774;Undirected;1
311;337;Undirected;1
809;815;Undirected;1
830;828;Undirected;1
178;200;Undirected;1
814;861;Undirected;1
401;410;Undirected;1
30;69;Undirected;1
698;691;Undirected;1
13;62;Undirected;1
233;221;Undirected;1
98;59;Undirected;1
694;637;Undirected;1
631;609;Undirected;1
989;945;Undirected;1
822;837;Undirected;1
596;506;Undirected;1
920;997;Undirected;1
409;454;Undirected;1
277;238;Undirected;1
367;336;Undirected;1
310;328;Undirected;1
494;496;Undirected;1
570;530;Undirected;1
88;44;Undirected;1
666;687;Undirected;1
620;615;Undirected;1
80;77;Undirected;1
345;397;Undirected;1
981;961;Undirected;1
108;120;Undirected;1
781;749;Undirected;1
475;451;Undirected;1
697;642;Undirected;1
589;596;Undirected;1
605;622;Undirected;1
378;324;Undirected;1
156;179;Undirected;1
374;393;Undirected;1
900;833;Undirected;1
80;53;Undirected;1
695;650;Undirected;1
961;909;Undirected;1
21;26;Undirected;1
769;737;Undirected;1
950;987;Undirected;1
448;407;Undirected;1
234;231;Undirected;1
86;8;Undirected;1
995;982;Undirected;1
242;293;Undirected;1
929;917;Undirected;1
878;900;Undirected;1
172;180;Undirected;1
895;807;Undirected;1
691;640;Undirected;1
752;718;Undirected;1
46;53;Undirected;1
214;274;Undirected;1
734;744;Undirected;1
94;6;Undirected;1
662;648;Undirected;1
250;228;Undirected;1
619;697;Undirected;1
935;933;Undirected;1
649;642;Undirected;1
190;184;Undirected;1
561;543;Undirected;1
792;715;Undirected;1
93;5;Undirected;1
332;381;Undirected;1
152;166;Undirected;1
798;759;Undirected;1
204;207;Undirected;1
672;623;Undirected;1
813;849;Undirected;1
727;784;Undirected;1
645;666;Undirected;1
136;192;Undirected;1
731;715;Undirected;1
645;620;Undirected;1
737;755;Undirected;1
672;628;Undirected;1
46;37;Undirected;1
763;720;Undirected;1
349;363;Undirected;1
332;349;Undirected;1
312;385;Undirected;1
604;676;Undirected;1
308;356;Undirected;1
894;843;Undirected;1
748;769;Undirected;1
306;324;Undirected;1
141;190;Undirected;1
651;692;Undirected;1
147;133;Undirected;1
202;258;Undirected;1
114;194;Undirected;1
766;713;Undirected;1
44;7;Undirected;1
682;698;Undirected;1
255;274;Undirected;1
759;788;Undirected;1
676;657;Undirected;1
686;665;Undirected;1
4;71;Undirected;1
218;216;Undirected;1
359;365;Undirected;1
31;90;Undirected;1
774;750;Undirected;1
719;708;Undirected;1
816;895;Undirected;1
78;87;Undirected;1
20;9;Undirected;1
583;558;Undirected;1
136;191;Undirected;1
30;88;Undirected;1
756;747;Undirected;1
434;471;Undirected;1
338;398;Undirected;1
339;376;Undirected;1
97;20;Undirected;1
33;20;Undirected;1
797;800;Undirected;1
879;811;Undirected;1
975;918;Undirected;1
606;659;Undirected;1
603;694;Undirected;1
511;578;Undirected;1
376;336;Undirected;1
247;274;Undirected;1
525;600;Undirected;1
573;554;Undirected;1
28;52;Undirected;1
340;388;Undirected;1
454;414;Undirected;1
657;653;Undirected;1
138;112;Undirected;1
292;266;Undirected;1
152;128;Undirected;1
828;882;Undirected;1
677;608;Undirected;1
252;243;Undirected;1
831;827;Undirected;1
385;332;Undirected;1
934;951;Undirected;1
813;896;Undirected;1
633;661;Undirected;1
829;861;Undirected;1
142;174;Undirected;1
338;331;Undirected;1
18;12;Undirected;1
159;186;Undirected;1
733;781;Undirected;1
566;549;Undirected;1
228;201;Undirected;1
873;822;Undirected;1
905;915;Undirected;1
421;483;Undirected;1
340;325;Undirected;1
510;559;Undirected;1
261;260;Undirected;1
928;985;Undirected;1
627;616;Undirected;1
577;580;Undirected;1
638;601;Undirected;1
382;390;Undirected;1
967;998;Undirected;1
881;833;Undirected;1
354;304;Undirected;1
698;685;Undirected;1
647;640;Undirected;1
90;87;Undirected;1
562;543;Undirected;1
768;765;Undirected;1
932;904;Undirected;1
361;355;Undirected;1
519;598;Undirected;1
40;69;Undirected;1
470;401;Undirected;1
341;337;Undirected;1
440;443;Undirected;1
934;967;Undirected;1
486;476;Undirected;1
653;621;Undirected;1
466;434;Undirected;1
959;952;Undirected;1
759;753;Undirected;1
707;743;Undirected;1
238;227;Undirected;1
321;315;Undirected;1
264;296;Undirected;1
641;616;Undirected;1
314;309;Undirected;1
736;735;Undirected;1
318;338;Undirected;1
938;961;Undirected;1
519;523;Undirected;1
694;695;Undirected;1
886;825;Undirected;1
80;82;Undirected;1
849;838;Undirected;1
773;701;Undirected;1
713;732;Undirected;1
473;468;Undirected;1
264;285;Undirected;1
540;536;Undirected;1
964;903;Undirected;1
187;172;Undirected;1
577;581;Undirected;1
330;314;Undirected;1
58;48;Undirected;1
756;728;Undirected;1
182;178;Undirected;1
136;193;Undirected;1
219;227;Undirected;1
81;8;Undirected;1
743;787;Undirected;1
171;199;Undirected;1
381;382;Undirected;1
804;837;Undirected;1
88;54;Undirected;1
184;160;Undirected;1
743;766;Undirected;1
289;288;Undirected;1
411;428;Undirected;1
772;780;Undirected;1
830;897;Undirected;1
216;280;Undirected;1
79;38;Undirected;1
616;650;Undirected;1
96;54;Undirected;1
183;186;Undirected;1
355;394;Undirected;1
73;56;Undirected;1
676;663;Undirected;1
878;886;Undirected;1
448;442;Undirected;1
919;994;Undirected;1
310;358;Undirected;1
941;922;Undirected;1
897;875;Undirected;1
610;656;Undirected;1
941;956;Undirected;1
758;763;Undirected;1
450;470;Undirected;1
659;686;Undirected;1
415;485;Undirected;1
582;577;Undirected;1
418;467;Undirected;1
353;351;Undirected;1
241;233;Undirected;1
438;457;Undirected;1
298;275;Undirected;1
102;151;Undirected;1
452;474;Undirected;1
38;86;Undirected;1
122;150;Undirected;1
994;989;Undirected;1
256;259;Undirected;1
532;586;Undirected;1
153;164;Undirected;1
894;849;Undirected;1
886;865;Undirected;1
453;479;Undirected;1
235;277;Undirected;1
205;280;Undirected;1
548;561;Undirected;1
621;676;Undirected;1
252;247;Undirected;1
96;54;Undirected;1
133;199;Undirected;1
215;216;Undirected;1
286;220;Undirected;1
656;699;Undirected;1
283;279;Undirected;1
357;398;Undirected;1
868;882;Undirected;1
284;287;Undirected;1
511;548;Undirected;1
584;596;Undirected;1
219;255;Undirected;1
295;209;Undirected;1
678;644;Undirected;1
34;11;Undirected;1
486;403;Undirected;1
33;31;Undirected;1
512;504;Undirected;1
8;82;Undirected;1
741;733;Undirected;1
660;641;Undirected;1
723;777;Undirected;1
516;507;Undirected;1
848;806;Undirected;1
962;975;Undirected;1
945;931;Undirected;1
220;246;Undirected;1
33;57;Undirected;1
497;409;Undirected;1
845;866;Undirected;1
971;981;Undirected;1
161;119;Undirected;1
316;379;Undirected;1
105;107;Undirected;1
131;181;Undirected;1
538;558;Undirected;1
231;272;Undirected;1
604;629;Undirected;1
914;1000;Undirected;1
396;344;Undirected;1
542;564;Undirected;1
265;288;Undirected;1
756;777;Undirected;1
682;623;Undirected;1
835;890;Undirected;1
638;617;Undirected;1
976;978;Undirected;1
842;823;Undirected;1
693;609;Undirected;1
613;663;Undirected;1
45;3;Undirected;1
239;216;Undirected;1
307;309;Undirected;1
628;606;Undirected;1
727;703;Undirected;1
938;948;Undirected;1
584;532;Undirected;1
797;757;Undirected;1
429;428;Undirected;1
943;947;Undirected;1
101;107;Undirected;1
182;106;Undirected;1
834;865;Undirected;1
506;595;Undirected;1
480;477;Undirected;1
980;920;Undirected;1
526;575;Undirected;1
654;620;Undirected;1
454;465;Undirected;1
327;323;Undirected;1
994;951;Undirected;1
188;176;Undirected;1
946;942;Undirected;1
999;957;Undirected;1
694;624;Undirected;1
443;465;Undirected;1
586;543;Undirected;1
550;570;Undirected;1
943;952;Undirected;1
852;894;Undirected;1
6;54;Undirected;1
579;589;Undirected;1
995;943;Undirected;1
255;282;Undirected;1
278;201;Undirected;1
101;147;Undirected;1
203;261;Undirected;1
662;632;Undirected;1
127;153;Undirected;1
159;135;Undirected;1
587;522;Undirected;1
763;769;Undirected;1
428;420;Undirected;1
196;129;Undirected;1
544;503;Undirected;1
240;230;Undirected;1
322;351;Undirected;1
203;272;Undirected;1
92;5;Undirected;1
829;807;Undirected;1
355;342;Undirected;1
190;154;Undirected;1
845;832;Undirected;1
474;496;Undirected;1
390;333;Undirected;1
732;799;Undirected;1
942;948;Undirected;1
109;117;Undirected;1
362;322;Undirected;1
263;247;Undirected;1
855;889;Undirected;1
717;720;Undirected;1
480;418;Undirected;1
99;40;Undirected;1
225;298;Undirected;1
953;957;Undirected;1
959;918;Undirected;1
982;964;Undirected;1
167;197;Undirected;1
277;221;Undirected;1
6;50;Undirected;1
994;969;Undirected;1
38;19;Undirected;1
166;199;Undirected;1
513;535;Undirected;1
161;158;Undirected;1
915;948;Undirected;1
511;584;Undirected;1
490;437;Undirected;1
960;902;Undirected;1
791;745;Undirected;1
3;15;Undirected;1
451;412;Undirected;1
47;41;Undirected;1
924;916;Undirected;1
449;418;Undirected;1
41;43;Undirected;1
161;165;Undirected;1
218;275;Undirected;1
501;535;Undirected;1
947;966;Undirected;1
618;633;Undirected;1
591;553;Undirected;1
352;335;Undirected;1
940;932;Undirected;1
343;305;Undirected;1
384;361;Undirected;1
637;685;Undirected;1
394;310;Undirected;1
585;529;Undirected;1
775;789;Undirected;1
811;878;Undirected;1
826;839;Undirected;1
55;72;Undirected;1
884;827;Undirected;1
639;692;Undirected;1
105;139;Undirected;1
166;138;Undirected;1
846;807;Undirected;1
49;14;Undirected;1
541;589;Undirected;1
434;427;Undirected;1
597;542;Undirected;1
766;751;Undirected;1
709;756;Undirected;1
308;324;Undirected;1
699;625;Undirected;1
838;900;Undirected;1
96;4;Undirected;1
261;286;Undirected;1
747;705;Undirected;1
940;931;Undirected;1
7;67;Undirected;1
616;647;Undirected;1
970;924;Undirected;1
496;446;Undirected;1
436;439;Undirected;1
426;473;Undirected;1
520;600;Undirected;1
867;873;Undirected;1
172;125;Undirected;1
1000;999;Undirected;1
790;721;Undirected;1
670;660;Undirected;1
817;838;Undirected;1
9;38;Undirected;1
600;517;Undirected;1
257;224;Undirected;1
818;842;Undirected;1
376;331;Undirected;1
139;134;Undirected;1
520;565;Undirected;1
560;587;Undirected;1
164;163;Undirected;1
404;450;Undirected;1
49;89;Undirected;1
578;588;Undirected;1
359;352;Undirected;1
433;402;Undirected;1
315;364;Undirected;1
463;464;Undirected;1
589;504;Undirected;1
672;678;Undirected;1
385;373;Undirected;1
893;821;Undirected;1
368;363;Undirected;1
218;282;Undirected;1
322;363;Undirected;1
453;484;Undirected;1
29;70;Undirected;1
262;244;Undirected;1
838;867;Undirected;1
871;875;Undirected;1
773;753;Undirected;1
437;409;Undirected;1
78;100;Undirected;1
102;125;Undirected;1
338;375;Undirected;1
542;545;Undirected;1
817;833;Undirected;1
117;177;Undirected;1
951;964;Undirected;1
649;661;Undirected;1
713;785;Undirected;1
896;851;Undirected;1
907;928;Undirected;1
766;740;Undirected;1
825;846;Undirected;1
508;553;Undirected;1
382;349;Undirected;1
330;371;Undirected;1
287;275;Undirected;1
517;528;Undirected;1
471;473;Undirected;1
986;940;Undirected;1
561;547;Undirected;1
542;517;Undirected;1
991;973;Undirected;1
713;706;Undirected;1
783;800;Undirected;1
994;976;Undirected;1
513;552;Undirected;1
464;484;Undirected;1
324;333;Undirected;1
244;230;Undirected;1
841;847;Undirected;1
533;600;Undirected;1
614;610;Undirected;1
292;297;Undirected;1
279;202;Undirected;1
776;800;Undirected;1
538;529;Undirected;1
830;824;Undirected;1
683;626;Undirected;1
87;35;Undirected;1
397;390;Undirected;1
300;202;Undirected;1
362;364;Undirected;1
412;430;Undirected;1
982;921;Undirected;1
272;244;Undirected;1
354;361;Undirected;1
138;200;Undirected;1
279;282;Undirected;1
716;738;Undirected;1
560;505;Undirected;1
917;908;Undirected;1
73;89;Undirected;1
776;793;Undirected;1
926;986;Undirected;1
426;415;Undirected;1
273;234;Undirected;1
752;754;Undirected;1
362;348;Undirected;1
678;640;Undirected;1
407;434;Undirected;1
100;97;Undirected;1
95;12;Undirected;1
630;643;Undirected;1
576;516;Undirected;1
413;480;Undirected;1
337;351;Undirected;1
980;941;Undirected;1
641;663;Undirected;1
442;487;Undirected;1
169;163;Undirected;1
728;735;Undirected;1
989;951;Undirected;1
117;116;Undirected;1
412;465;Undirected;1
812;883;Undirected;1
640;612;Undirected;1
185;181;Undirected;1
193;116;Undirected;1
307;331;Undirected;1
396;360;Undirected;1
580;547;Undirected;1
319;399;Undirected;1
30;88;Undirected;1
851;885;Undirected;1
923;984;Undirected;1
903;928;Undirected;1
993;914;Undirected;1
367;317;Undirected;1
351;387;Undirected;1
368;400;Undirected;1
847;899;Undirected;1
833;825;Undirected;1
474;462;Undirected;1
854;853;Undirected;1
778;767;Undirected;1
93;54;Undirected;1
999;986;Undirected;1
67;97;Undirected;1
385;353;Undirected;1
166;168;Undirected;1
103;194;Undirected;1
275;250;Undirected;1
155;147;Undirected;1
578;544;Undirected;1
308;303;Undirected;1
973;937;Undirected;1
585;539;Undirected;1
743;790;Undirected;1
215;210;Undirected;1
793;751;Undirected;1
24;6;Undirected;1
776;798;Undirected;1
3;67;Undirected;1
376;310;Undirected;1
121;157;Undirected;1
387;384;Undirected;1
817;863;Undirected;1
663;661;Undirected;1
565;576;Undirected;1
220;276;Undirected;1
507;537;Undirected;1
343;389;Undirected;1
171;142;Undirected;1
629;602;Undirected;1
819;863;Undirected;1
728;713;Undirected;1
180;116;Undirected;1
94;53;Undirected;1
774;760;Undirected;1
803;845;Undirected;1
396;327;Undirected;1
143;153;Undirected;1
536;572;Undirected;1
152;130;Undirected;1
469;411;Undirected;1
161;117;Undirected;1
222;259;Undirected;1
776;770;Undirected;1
710;719;Undirected;1
63;72;Undirected;1
38;56;Undirected;1
721;745;Undirected;1
401;432;Undirected;1
228;237;Undirected;1
368;327;Undirected;1
511;507;Undirected;1
257;206;Undirected;1
648;609;Undirected;1
393;347;Undirected;1
166;109;Undirected;1
620;645;Undirected;1
922;967;Undirected;1
442;403;Undirected;1
222;272;Undirected;1
326;352;Undirected;1
110;103;Undirected;1
157;121;Undirected;1
742;788;Undirected;1
695;664;Undirected;1
871;884;Undirected;1
754;736;Undirected;1
438;437;Undirected;1
297;207;Undirected;1
195;137;Undirected;1
695;627;Undirected;1
309;324;Undirected;1
944;940;Undirected;1
855;879;Undirected;1
884;888;Undirected;1
715;716;Undirected;1
326;376;Undirected;1
413;448;Undirected;1
692;691;Undirected;1
776;732;Undirected;1
173;182;Undirected;1
415;426;Undirected;1
621;632;Undirected;1
658;623;Undirected;1
477;423;Undirected;1
763;733;Undirected;1
118;104;Undirected;1
416;430;Undirected;1
212;262;Undirected;1
266;250;Undirected;1
929;978;Undirected;1
786;744;Undirected;1
860;864;Undirected;1
105;195;Undirected;1
827;841;Undirected;1
662;635;Undirected;1
485;467;Undirected;1
186;121;Undirected;1
171;127;Undirected;1
300;267;Undirected;1
713;775;Undirected;1
370;338;Undirected;1
492;454;Undirected;1
332;369;Undirected;1
677;618;Undirected;1
623;653;Undirected;1
698;690;Undirected;1
907;957;Undirected;1
6;58;Undirected;1
324;356;Undirected;1
288;268;Undirected;1
509;563;Undirected;1
616;651;Undirected;1
348;385;Undirected;1
248;231;Undirected;1
347;382;Undirected;1
946;959;Undirected;1
364;315;Undirected;1
621;637;Undirected;1
147;186;Undirected;1
31;44;Undirected;1
10;70;Undirected;1
994;985;Undirected;1
254;239;Undirected;1
806;867;Undirected;1
98;58;Undirected;1
889;822;Undirected;1
830;880;Undirected;1
378;400;Undirected;1
504;510;Undirected;1
244;267;Undirected;1
219;279;Undirected;1
647;618;Undirected;1
609;664;Undirected;1
966;995;Undirected;1
361;380;Undirected;1
931;918;Undirected;1
514;594;Undirected;1
516;525;Undirected;1
136;134;Undirected;1
850;808;Undirected;1
734;730;Undirected;1
874;899;Undirected;1
176;171;Undirected;1
245;292;Undirected;1
627;601;Undirected;1
131;136;Undirected;1
509;562;Undirected;1
808;816;Undirected;1
715;755;Undirected;1
17;8;Undirected;1
68;43;Undirected;1
995;941;Undirected;1
196;116;Undirected;1
351;376;Undirected;1
969;901;Undirected;1
84;9;Undirected;1
305;385;Undirected;1
967;962;Undirected;1
368;310;Undirected;1
350;365;Undirected;1
718;741;Undirected;1
861;803;Undirected;1
337;368;Undirected;1
694;663;Undirected;1
274;299;Undirected;1
655;621;Undirected;1
778;794;Undirected;1
640;603;Undirected;1
642;680;Undirected;1
701;768;Undirected;1
590;555;Undirected;1
136;107;Undirected;1
684;698;Undirected;1
238;246;Undirected;1
238;289;Undirected;1
953;945;Undirected;1
131;151;Undirected;1
961;969;Undirected;1
837;804;Undirected;1
569;504;Undirected;1
164;104;Undirected;1
249;274;Undirected;1
375;368;Undirected;1
541;559;Undirected;1
568;506;Undirected;1
97;10;Undirected;1
545;546;Undirected;1
310;313;Undirected;1
436;497;Undirected;1
184;161;Undirected;1
557;502;Undirected;1
63;83;Undirected;1
247;264;Undirected;1
40;41;Undirected;1
161;126;Undirected;1
201;262;Undirected;1
913;901;Undirected;1
210;235;Undirected;1
434;468;Undirected;1
176;121;Undirected;1
574;587;Undirected;1
807;835;Undirected;1
522;599;Undirected;1
499;411;Undirected;1
695;656;Undirected;1
468;473;Undirected;1
809;832;Undirected;1
5;21;Undirected;1
498;403;Undirected;1
998;955;Undirected;1
44;99;Undirected;1
355;338;Undirected;1
785;728;Undirected;1
320;346;Undirected;1
650;635;Undirected;1
610;664;Undirected;1
540;537;Undirected;1
707;738;Undirected;1
126;178;Undirected;1
400;368;Undirected;1
488;425;Undirected;1
318;341;Undirected;1
405;494;Undirected;1
629;636;Undirected;1
94;49;Undirected;1
836;860;Undirected;1
604;657;Undirected;1
910;967;Undirected;1
347;309;Undirected;1
455;429;Undirected;1
553;530;Undirected;1
175;189;Undirected;1
958;978;Undirected;1
365;323;Undirected;1
570;550;Undirected;1
582;600;Undirected;1
953;911;Undirected;1
802;805;Undirected;1
777;704;Undirected;1
316;400;Undirected;1
49;51;Undirected;1
699;609;Undirected;1
890;868;Undirected;1
529;555;Undirected;1
677;662;Undirected;1
684;645;Undirected;1
55;39;Undirected;1
742;712;Undirected;1
827;851;Undirected;1
512;571;Undirected;1
346;385;Undirected;1
611;645;Undirected;1
693;643;Undirected;1
311;309;Undirected;1
532;501;Undirected;1
509;541;Undirected;1
545;529;Undirected;1
290;271;Undirected;1
487;458;Undirected;1
876;878;Undirected;1
473;432;Undirected;1
621;667;Undirected;1
328;310;Undirected;1
149;125;Undirected;1
430;456;Undirected;1
866;831;Undirected;1
156;192;Undirected;1
344;315;Undirected;1
669;692;Undirected;1
168;128;Undirected;1
673;624;Undirected;1
598;510;Undirected;1
201;292;Undirected;1
237;208;Undirected;1
663;645;Undirected;1
42;87;Undirected;1
777;719;Undirected;1
951;979;Undirected;1
265;271;Undirected;1
517;571;Undirected;1
778;761;Undirected;1
543;579;Undirected;1
726;761;Undirected;1
626;652;Undirected;1
941;951;Undirected;1
521;576;Undirected;1
144;195;Undirected;1
94;45;Undirected;1
546;502;Undirected;1
960;911;Undirected;1
966;907;Undirected;1
869;811;Undirected;1
18;97;Undirected;1
175;179;Undirected;1
902;953;Undirected;1
368;382;Undirected;1
978;957;Undirected;1
847;900;Undirected;1
547;513;Undirected;1
519;531;Undirected;1
599;522;Undirected;1
228;297;Undirected;1
339;340;Undirected;1
533;526;Undirected;1
516;502;Undirected;1
187;180;Undirected;1
986;963;Undirected;1
231;201;Undirected;1
471;412;Undirected;1
808;811;Undirected;1
567;512;Undirected;1
248;292;Undirected;1
80;10;Undirected;1
290;267;Undirected;1
258;241;Undirected;1
13;74;Undirected;1
314;391;Undirected;1
262;253;Undirected;1
31;79;Undirected;1
339;376;Undirected;1
262;221;Undirected;1
956;967;Undirected;1
12;50;Undirected;1
554;595;Undirected;1
152;183;Undirected;1
768;765;Undirected;1
268;293;Undirected;1
385;308;Undirected;1
724;762;Undirected;1
369;335;Undirected;1
817;838;Undirected;1
719;766;Undirected;1
51;55;Undirected;1
75;81;Undirected;1
106;122;Undirected;1
398;347;Undirected;1
655;647;Undirected;1
427;435;Undirected;1
870;839;Undirected;1
888;891;Undirected;1
635;604;Undirected;1
970;922;Undirected;1
472;479;Undirected;1
443;492;Undirected;1
30;42;Undirected;1
82;60;Undirected;1
495;438;Undirected;1
851;828;Undirected;1
796;727;Undirected;1
709;773;Undirected;1
300;229;Undirected;1
72;65;Undirected;1
51;70;Undirected;1
838;858;Undirected;1
855;862;Undirected;1
288;238;Undirected;1
368;355;Undirected;1
161;177;Undirected;1
162;195;Undirected;1
356;359;Undirected;1
659;693;Undirected;1
120;195;Undirected;1
543;590;Undirected;1
494;456;Undirected;1
877;864;Undirected;1
9;75;Undirected;1
14;91;Undirected;1
503;533;Undirected;1
104;152;Undirected;1
549;575;Undirected;1
132;127;Undirected;1
58;80;Undirected;1
17;8;Undirected;1
986;978;Undirected;1
382;389;Undirected;1
260;215;Undirected;1
996;923;Undirected;1
276;272;Undirected;1
914;945;Undirected;1
278;230;Undirected;1
744;723;Undirected;1
772;707;Undirected;1
367;328;Undirected;1
665;633;Undirected;1
573;569;Undirected;1
581;574;Undirected;1
98;61;Undirected;1
520;528;Undirected;1
852;823;Undirected;1
209;255;Undirected;1
777;786;Undirected;1
407;443;Undirected;1
905;908;Undirected;1
319;325;Undirected;1
106;163;Undirected;1
956;906;Undirected;1
832;809;Undirected;1
157;191;Undirected;1
94;97;Undirected;1
149;156;Undirected;1
314;344;Undirected;1
587;542;Undirected;1
996;980;Undirected;1
751;742;Undirected;1
864;840;Undirected;1
658;669;Undirected;1
713;710;Undirected;1
152;181;Undirected;1
217;289;Undirected;1
250;298;Undirected;1
444;406;Undirected;1
480;430;Undirected;1
575;573;Undirected;1
185;149;Undirected;1
333;320;Undirected;1
356;381;Undirected;1
24;90;Undirected;1
133;179;Undirected;1
900;865;Undirected;1
858;819;Undirected;1
393;392;Undirected;1
845;814;Undirected;1
311;393;Undirected;1
743;746;Undirected;1
957;909;Undirected;1
856;881;Undirected;1
997;948;Undirected;1
173;190;Undirected;1
316;386;Undirected;1
675;682;Undirected;1
130;162;Undirected;1
92;60;Undirected;1
999;954;Undirected;1
829;885;Undirected;1
716;763;Undirected;1
743;765;Undirected;1
66;61;Undirected;1
171;130;Undirected;1
544;514;Undirected;1
340;394;Undirected;1
499;468;Undirected;1
845;887;Undirected;1
602;641;Undirected;1
243;289;Undirected;1
773;724;Undirected;1
779;760;Undirected;1
613;690;Undirected;1
757;778;Undirected;1
803;825;Undirected;1
411;446;Undirected;1
408;481;Undirected;1
201;287;Undirected;1
232;239;Undirected;1
511;596;Undirected;1
871;880;Undirected;1
388;335;Undirected;1
128;104;Undirected;1
971;986;Undirected;1
181;200;Undirected;1
799;766;Undirected;1
226;241;Undirected;1
295;241;Undirected;1
409;405;Undirected;1
929;935;Undirected;1
11;80;Undirected;1
885;831;Undirected;1
132;121;Undirected;1
143;131;Undirected;1
966;953;Undirected;1
582;506;Undirected;1
513;537;Undirected;1
725;707;Undirected;1
284;251;Undirected;1
544;597;Undirected;1
131;105;Undirected;1
8;96;Undirected;1
542;594;Undirected;1
469;422;Undirected;1
922;915;Undirected;1
113;132;Undirected;1
707;765;Undirected;1
102;159;Undirected;1
1000;931;Undirected;1
832;835;Undirected;1
787;779;Undirected;1
993;979;Undirected;1
627;625;Undirected;1
479;452;Undirected;1
58;15;Undirected;1
269;219;Undirected;1
129;105;Undirected;1
471;415;Undirected;1
348;310;Undirected;1
913;931;Undirected;1
294;235;Undirected;1
373;389;Undirected;1
87;78;Undirected;1
111;133;Undirected;1
466;460;Undirected;1
250;239;Undirected;1
180;191;Undirected;1
541;555;Undirected;1
918;979;Undirected;1
542;506;Undirected;1
96;7;Undirected;1
650;643;Undirected;1
770;738;Undirected;1
40;14;Undirected;1
848;860;Undirected;1
342;370;Undirected;1
329;364;Undirected;1
660;656;Undirected;1
670;615;Undirected;1
705;739;Undirected;1
341;368;Undirected;1
204;294;Undirected;1
347;311;Undirected;1
966;939;Undirected;1
263;300;Undirected;1
559;582;Undirected;1
574;539;Undirected;1
645;687;Undirected;1
644;677;Undirected;1
901;966;Undirected;1
47;21;Undirected;1
420;426;Undirected;1
830;834;Undirected;1
72;25;Undirected;1
453;448;Undirected;1
507;508;Undirected;1
660;631;Undirected;1
38;3;Undirected;1
98;40;Undirected;1
578;519;Undirected;1
448;401;Undirected;1
291;249;Undirected;1
167;158;Undirected;1
562;527;Undirected;1
426;484;Undirected;1
254;268;Undirected;1
604;650;Undirected;1
307;379;Undirected;1
883;850;Undirected;1
225;247;Undirected;1
221;296;Undirected;1
74;29;Undirected;1
848;811;Undirected;1
628;632;Undirected;1
462;448;Undirected;1
238;201;Undirected;1
755;735;Undirected;1
898;818;Undirected;1
29;40;Undirected;1
590;566;Undirected;1
239;251;Undirected;1
639;651;Undirected;1
733;708;Undirected;1
500;433;Undirected;1
539;562;Undirected;1
439;402;Undirected;1
356;349;Undirected;1
396;387;Undirected;1
192;181;Undirected;1
977;974;Undirected;1
1000;914;Undirected;1
353;387;Undirected;1
777;705;Undirected;1
734;704;Undirected;1
955;999;Undirected;1
897;819;Undirected;1
629;695;Undirected;1
937;968;Undirected;1
27;2;Undirected;1
248;278;Undirected;1
434;498;Undirected;1
775;750;Undirected;1
668;661;Undirected;1
908;905;Undirected;1
880;878;Undirected;1
363;336;Undirected;1
489;433;Undirected;1
1;60;Undirected;1
206;229;Undirected;1
352;315;Undirected;1
860;889;Undirected;1
177;129;Undirected;1
300;261;Undirected;1
422;443;Undirected;1
448;414;Undirected;1
137;163;Undirected;1
939;953;Undirected;1
674;640;Undirected;1
751;730;Undirected;1
625;667;Undirected;1
277;207;Undirected;1
239;281;Undirected;1
246;205;Undirected;1
190;116;Undirected;1
550;543;Undirected;1
180;121;Undirected;1
577;513;Undirected;1
454;466;Undirected;1
807;839;Undirected;1
968;990;Undirected;1
605;653;Undirected;1
5;63;Undirected;1
201;205;Undirected;1
526;508;Undirected;1
264;280;Undirected;1
924;966;Undirected;1
510;507;Undirected;1
715;784;Undirected;1
462;419;Undirected;1
848;811;Undirected;1
701;795;Undirected;1
234;207;Undirected;1
598;596;Undirected;1
718;740;Undirected;1
304;383;Undirected;1
875;836;Undirected;1
577;599;Undirected;1
421;419;Undirected;1
370;389;Undirected;1
350;335;Undirected;1
517;512;Undirected;1
50;84;Undirected;1
29;99;Undirected;1
899;849;Undirected;1
78;51;Undirected;1
219;222;Undirected;1
241;205;Undirected;1
214;253;Undirected;1
368;303;Undirected;1
446;402;Undirected;1
37;68;Undirected;1
846;854;Undirected;1
616;621;Undirected;1
830;860;Undirected;1
200;192;Undirected;1
348;307;Undirected;1
380;329;Undirected;1
783;774;Undirected;1
391;351;Undirected;1
972;942;Undirected;1
647;673;Undirected;1
805;884;Undirected;1
449;436;Undirected;1
436;405;Undirected;1
996;911;Undirected;1
936;957;Undirected;1
397;358;Undirected;1
220;208;Undirected;1
327;367;Undirected;1
370;379;Undirected;1
964;925;Undirected;1
552;589;Undirected;1
740;749;Undirected;1
386;397;Undirected;1
990;908;Undirected;1
265;223;Undirected;1
511;594;Undirected;1
436;423;Undirected;1
425;446;Undirected;1
697;676;Undirected;1
646;684;Undirected;1
916;940;Undirected;1
626;696;Undirected;1
215;213;Undirected;1
919;909;Undirected;1
682;674;Undirected;1
152;144;Undirected;1
282;237;Undirected;1
753;714;Undirected;1
480;483;Undirected;1
648;618;Undirected;1
856;882;Undirected;1
659;625;Undirected;1
286;206;Undirected;1
694;626;Undirected;1
777;776;Undirected;1
132;193;Undirected;1
795;737;Undirected;1
543;540;Undirected;1
624;627;Undirected;1
981;901;Undirected;1
895;801;Undirected;1
935;934;Undirected;1
769;787;Undirected;1
794;758;Undirected;1
628;656;Undirected;1
476;415;Undirected;1
721;796;Undirected;1
796;702;Undirected;1
848;835;Undirected;1
956;977;Undirected;1
619;671;Undirected;1
187;199;Undirected;1
595;591;Undirected;1
38;6;Undirected;1
329;397;Undirected;1
28;22;Undirected;1
726;701;Undirected;1
298;209;Undirected;1
20;17;Undirected;1
296;259;Undirected;1
468;441;Undirected;1
847;874;Undirected;1
797;736;Undirected;1
539;556;Undirected;1
980;974;Undirected;1
509;573;Undirected;1
828;900;Undirected;1
666;662;Undirected;1
820;832;Undirected;1
794;716;Undirected;1
327;370;Undirected;1
23;67;Undirected;1
297;268;Undirected;1
608;651;Undirected;1
840;842;Undirected;1
449;483;Undirected;1
492;436;Undirected;1
99;62;Undirected;1
89;67;Undirected;1
215;230;Undirected;1
771;756;Undirected;1
868;869;Undirected;1
398;399;Undirected;1
202;287;Undirected;1
268;252;Undirected;1
882;885;Undirected;1
689;661;Undirected;1
955;973;Undirected;1
783;790;Undirected;1
803;882;Undirected;1
797;729;Undirected;1
637;610;Undirected;1
129;181;Undirected;1
712;781;Undirected;1
105;184;Undirected;1
753;712;Undirected;1
568;587;Undirected;1
72;40;Undirected;1
489;460;Undirected;1
328;342;Undirected;1
765;730;Undirected;1
622;676;Undirected;1
414;425;Undirected;1
619;683;Undirected;1
481;422;Undirected;1
298;291;Undirected;1
200;164;Undirected;1
607;611;Undirected;1
423;424;Undirected;1
919;953;Undirected;1
249;229;Undirected;1
54;51;Undirected;1
104;184;Undirected;1
453;461;Undirected;1
788;751;Undirected;1
722;717;Undirected;1
917;973;Undirected;1
953;916;Undirected;1
361;388;Undirected;1
322;312;Undirected;1
816;827;Undirected;1
511;502;Undirected;1
503;581;Undirected;1
288;280;Undirected;1
400;372;Undirected;1
838;835;Undirected;1
379;303;Undirected;1
375;398;Undirected;1
285;296;Undirected;1
858;855;Undirected;1
863;837;Undirected;1
994;950;Undirected;1
416;500;Undirected;1
69;70;Undirected;1
935;958;Undirected;1
231;285;Undirected;1
872;821;Undirected;1
115;122;Undirected;1
737;753;Undirected;1
870;850;Undirected;1
983;938;Undirected;1
294;270;Undirected;1
378;310;Undirected;1
381;385;Undirected;1
310;359;Undirected;1
86;85;Undirected;1
554;514;Undirected;1
538;548;Undirected;1
536;512;Undirected;1
479;490;Undirected;1
793;733;Undirected;1
10;37;Undirected;1
767;759;Undirected;1
370;332;Undirected;1
519;585;Undirected;1
863;846;Undirected;1
49;73;Undirected;1
841;868;Undirected;1
952;972;Undirected;1
76;8;Undirected;1
399;346;Undirected;1
840;838;Undirected;1
906;959;Undirected;1
216;279;Undirected;1
907;964;Undirected;1
928;904;Undirected;1
124;172;Undirected;1
52;24;Undirected;1
151;160;Undirected;1
75;48;Undirected;1
280;242;Undirected;1
214;240;Undirected;1
821;836;Undirected;1
940;927;Undirected;1
139;125;Undirected;1
806;886;Undirected;1
506;560;Undirected;1
388;398;Undirected;1
26;76;Undirected;1
700;661;Undirected;1
578;583;Undirected;1
888;835;Undirected;1
228;233;Undirected;1
727;766;Undirected;1
285;202;Undirected;1
571;543;Undirected;1
813;880;Undirected;1
790;739;Undirected;1
606;631;Undirected;1
18;48;Undirected;1
733;759;Undirected;1
675;641;Undirected;1
97;40;Undirected;1
242;235;Undirected;1
502;540;Undirected;1
805;868;Undirected;1
767;733;Undirected;1
620;680;Undirected;1
891;896;Undirected;1
56;9;Undirected;1
196;114;Undirected;1
906;924;Undirected;1
876;880;Undirected;1
961;978;Undirected;1
242;208;Undirected;1
539;513;Undirected;1
660;633;Undirected;1
258;276;Undirected;1
19;96;Undirected;1
90;28;Undirected;1
872;818;Undirected;1
10;64;Undirected;1
229;286;Undirected;1
362;349;Undirected;1
191;136;Undirected;1
237;235;Undirected;1
938;921;Undirected;1
805;899;Undirected;1
861;865;Undirected;1
93;54;Undirected;1
609;624;Undirected;1
800;705;Undirected;1
390;381;Undirected;1
652;611;Undirected;1
702;738;Undirected;1
775;756;Undirected;1
986;978;Undirected;1
420;458;Undirected;1
186;153;Undirected;1
552;538;Undirected;1
121;109;Undirected;1
94;30;Undirected;1
903;976;Undirected;1
240;229;Undirected;1
147;177;Undirected;1
70;88;Undirected;1
67;35;Undirected;1
66;46;Undirected;1
936;982;Undirected;1
593;535;Undirected;1
169;180;Undirected;1
685;697;Undirected;1
390;354;Undirected;1
404;484;Undirected;1
521;592;Undirected;1
49;64;Undirected;1
853;837;Undirected;1
661;640;Undirected;1
407;500;Undirected;1
549;523;Undirected;1
795;767;Undirected;1
652;683;Undirected;1
933;917;Undirected;1
132;123;Undirected;1
712;707;Undirected;1
627;693;Undirected;1
917;972;Undirected;1
559;546;Undirected;1
585;573;Undirected;1
816;899;Undirected;1
346;397;Undirected;1
434;473;Undirected;1
170;121;Undirected;1
111;152;Undirected;1
655;687;Undirected;1
502;585;Undirected;1
196;129;Undirected;1
181;200;Undirected;1
144;176;Undirected;1
406;481;Undirected;1
428;482;Undirected;1
617;666;Undirected;1
898;835;Undirected;1
896;848;Undirected;1
335;400;Undirected;1
683;640;Undirected;1
602;690;Undirected;1
858;873;Undirected;1
739;763;Undirected;1
722;772;Undirected;1
466;437;Undirected;1
207;220;Undirected;1
525;538;Undirected;1
347;360;Undirected;1
993;975;Undirected;1
62;37;Undirected;1
122;167;Undirected;1
597;531;Undirected;1
750;725;Undirected;1
440;490;Undirected;1
961;958;Undirected;1
112;173;Undirected;1
273;247;Undirected;1
684;650;Undirected;1
309;341;Undirected;1
666;633;Undirected;1
330;334;Undirected;1
840;856;Undirected;1
280;204;Undirected;1
574;508;Undirected;1
323;345;Undirected;1
454;435;Undirected;1
701;750;Undirected;1
272;206;Undirected;1
1000;983;Undirected;1
974;987;Undirected;1
457;488;Undirected;1
213;234;Undirected;1
163;190;Undirected;1
109;168;Undirected;1
560;600;Undirected;1
702;763;Undirected;1
577;568;Undirected;1
642;623;Undirected;1
203;266;Undirected;1
90;34;Undirected;1
729;719;Undirected;1
241;263;Undirected;1
637;602;Undirected;1
119;153;Undirected;1
902;911;Undirected;1
297;224;Undirected;1
32;22;Undirected;1
393;367;Undirected;1
777;713;Undirected;1
692;632;Undirected;1
64;23;Undirected;1
216;204;Undirected;1
376;327;Undirected;1
784;795;Undirected;1
745;733;Undirected;1
168;174;Undirected;1
238;270;Undirected;1
913;957;Undirected;1
219;208;Undirected;1
594;542;Undirected;1
171;163;Undirected;1
133;147;Undirected;1
49;45;Undirected;1
366;377;Undirected;1
847;883;Undirected;1
306;356;Undirected;1
539;564;Undirected;1
879;850;Undirected;1
84;46;Undirected;1
407;481;Undirected;1
860;886;Undirected;1
934;907;Undirected;1
956;989;Undirected;1
566;507;Undirected;1
7;12;Undirected;1
8;23;Undirected;1
118;130;Undirected;1
520;545;Undirected;1
378;311;Undirected;1
275;211;Undirected;1
29;89;Undirected;1
1000;917;Undirected;1
298;202;Undirected;1
98;52;Undirected;1
921;933;Undirected;1
684;648;Undirected;1
317;362;Undirected;1
988;955;Undirected;1
513;552;Undirected;1
985;965;Undirected;1
832;860;Undirected;1
775;776;Undirected;1
152;192;Undirected;1
697;615;Undirected;1
774;790;Undirected;1
23;45;Undirected;1
169;178;Undirected;1
813;887;Undirected;1
355;351;Undirected;1
844;842;Undirected;1
395;326;Undirected;1
253;279;Undirected;1
83;35;Undirected;1
511;545;Undirected;1
738;758;Undirected;1
801;812;Undirected;1
105;103;Undirected;1
391;326;Undirected;1
158;186;Undirected;1
463;461;Undirected;1
327;391;Undirected;1
273;275;Undirected;1
354;341;Undirected;1
445;405;Undirected;1
753;738;Undirected;1
887;848;Undirected;1
962;998;Undirected;1
295;233;Undirected;1
923;978;Undirected;1
38;79;Undirected;1
97;54;Undirected;1
292;281;Undirected;1
678;658;Undirected;1
190;160;Undirected;1
953;940;Undirected;1
31;92;Undirected;1
645;603;Undirected;1
23;97;Undirected;1
705;750;Undirected;1
969;910;Undirected;1
925;988;Undirected;1
705;792;Undirected;1
252;229;Undirected;1
790;784;Undirected;1
427;422;Undirected;1
261;293;Undirected;1
358;352;Undirected;1
849;834;Undirected;1
209;207;Undirected;1
672;667;Undirected;1
336;397;Undirected;1
993;974;Undirected;1
422;444;Undirected;1
813;811;Undirected;1
346;340;Undirected;1
277;244;Undirected;1
234;215;Undirected;1
817;851;Undirected;1
72;61;Undirected;1
371;306;Undirected;1
244;226;Undirected;1
594;559;Undirected;1
195;131;Undirected;1
227;251;Undirected;1
824;896;Undirected;1
329;336;Undirected;1
531;590;Undirected;1
205;252;Undirected;1
258;264;Undirected;1
462;498;Undirected;1
511;537;Undirected;1
608;638;Undirected;1
642;674;Undirected;1
883;877;Undirected;1
797;746;Undirected;1
702;723;Undirected;1
877;852;Undirected;1
839;892;Undirected;1
333;374;Undirected;1
244;239;Undirected;1
922;919;Undirected;1
292;233;Undirected;1
860;892;Undirected;1
171;115;Undirected;1
199;161;Undirected;1
323;321;Undirected;1
241;297;Undirected;1
420;450;Undirected;1
130;191;Undirected;1
737;751;Undirected;1
170;163;Undirected;1
384;308;Undirected;1
378;379;Undirected;1
322;357;Undirected;1
440;448;Undirected;1
461;481;Undirected;1
884;812;Undirected;1
151;123;Undirected;1
143;111;Undirected;1
326;335;Undirected;1
832;887;Undirected;1
287;244;Undirected;1
235;204;Undirected;1
847;804;Undirected;1
335;377;Undirected;1
474;435;Undirected;1
859;807;Undirected;1
846;872;Undirected;1
329;388;Undirected;1
716;794;Undirected;1
525;534;Undirected;1
142;161;Undirected;1
837;836;Undirected;1
524;563;Undirected;1
721;772;Undirected;1
713;748;Undirected;1
791;745;Undirected;1
211;286;Undirected;1
830;890;Undirected;1
266;228;Undirected;1
948;978;Undirected;1
91;31;Undirected;1
263;204;Undirected;1
726;728;Undirected;1
370;356;Undirected;1
443;410;Undirected;1
191;151;Undirected;1
709;763;Undirected;1
151;164;Undirected;1
657;659;Undirected;1
618;610;Undirected;1
570;563;Undirected;1
361;382;Undirected;1
971;991;Undirected;1
998;965;Undirected;1
404;402;Undirected;1
232;244;Undirected;1
603;683;Undirected;1
593;590;Undirected;1
264;208;Undirected;1
499;457;Undirected;1
394;362;Undirected;1
871;867;Undirected;1
561;537;Undirected;1
795;764;Undirected;1
696;605;Undirected;1
600;580;Undirected;1
163;168;Undirected;1
438;495;Undirected;1
186;199;Undirected;1
772;715;Undirected;1
284;247;Undirected;1
694;616;Undirected;1
758;712;Undirected;1
488;439;Undirected;1
85;89;Undirected;1
6;25;Undirected;1
706;757;Undirected;1
391;314;Undirected;1
887;843;Undirected;1
761;709;Undirected;1
642;691;Undirected;1
135;188;Undirected;1
423;418;Undirected;1
579;588;Undirected;1
110;186;Undirected;1
734;705;Undirected;1
780;737;Undirected;1
75;33;Undirected;1
174;122;Undirected;1
788;719;Undirected;1
841;802;Undirected;1
934;919;Undirected;1
443;499;Undirected;1
18;42;Undirected;1
109;125;Undirected;1
984;947;Undirected;1
697;622;Undirected;1
982;918;Undirected;1
210;252;Undirected;1
652;607;Undirected;1
290;283;Undirected;1
520;511;Undirected;1
417;460;Undirected;1
118;154;Undirected;1
723;764;Undirected;1
804;811;Undirected;1
122;158;Undirected;1
41;18;Undirected;1
885;817;Undirected;1
433;440;Undirected;1
906;951;Undirected;1
336;392;Undirected;1
362;302;Undirected;1
951;999;Undirected;1
164;151;Undirected;1
93;54;Undirected;1
857;807;Undirected;1
650;620;Undirected;1
38;94;Undirected;1
552;525;Undirected;1
556;595;Undirected;1
329;316;Undirected;1
855;828;Undirected;1
187;169;Undirected;1
334;392;Undirected;1
67;84;Undirected;1
612;645;Undirected;1
361;339;Undirected;1
598;510;Undirected;1
344;386;Undirected;1
87;11;Undirected;1
761;788;Undirected;1
293;277;Undirected;1
138;160;Undirected;1
982;943;Undirected;1
772;773;Undirected;1
218;275;Undirected;1
991;902;Undirected;1
253;239;Undirected;1
682;696;Undirected;1
817;835;Undirected;1
874;853;Undirected;1
266;267;Undirected;1
315;346;Undirected;1
184;119;Undirected;1
70;2;Undirected;1
839;824;Undirected;1
725;720;Undirected;1
1000;907;Undirected;1
311;310;Undirected;1
511;597;Undirected;1
952;984;Undirected;1
765;732;Undirected;1
639;628;Undirected;1
17;9;Undirected;1
91;5;Undirected;1
116;148;Undirected;1
538;576;Undirected;1
973;934;Undirected;1
390;307;Undirected;1
293;201;Undirected;1
964;918;Undirected;1
587;527;Undirected;1
546;543;Undirected;1
689;699;Undirected;1
306;301;Undirected;1
766;768;Undirected;1
521;582;Undirected;1
303;321;Undirected;1
328;348;Undirected;1
777;722;Undirected;1
626;609;Undirected;1
211;236;Undirected;1
656;604;Undirected;1
289;269;Undirected;1
301;379;Undirected;1
635;608;Undirected;1
176;174;Undirected;1
431;425;Undirected;1
858;808;Undirected;1
379;396;Undirected;1
67;19;Undirected;1
701;777;Undirected;1
97;86;Undirected;1
40;81;Undirected;1
882;885;Undirected;1
627;692;Undirected;1
29;89;Undirected;1
905;957;Undirected;1
961;965;Undirected;1
947;945;Undirected;1
465;418;Undirected;1
755;742;Undirected;1
552;505;Undirected;1
109;135;Undirected;1
638;634;Undirected;1
864;808;Undirected;1
132;173;Undirected;1
75;67;Undirected;1
769;746;Undirected;1
354;368;Undirected;1
851;881;Undirected;1
41;87;Undirected;1
407;478;Undirected;1
252;236;Undirected;1
236;264;Undirected;1
452;441;Undirected;1
367;378;Undirected;1
225;253;Undirected;1
567;522;Undirected;1
97;90;Undirected;1
232;267;Undirected;1
138;200;Undirected;1
729;740;Undirected;1
96;40;Undirected;1
40;29;Undirected;1
101;132;Undirected;1
653;666;Undirected;1
390;398;Undirected;1
150;172;Undirected;1
489;468;Undirected;1
38;28;Undirected;1
734;747;Undirected;1
882;824;Undirected;1
765;769;Undirected;1
981;916;Undirected;1
404;476;Undirected;1
605;693;Undirected;1
300;297;Undirected;1
18;59;Undirected;1
425;410;Undirected;1
88;67;Undirected;1
332;313;Undirected;1
808;837;Undirected;1
690;635;Undirected;1
143;119;Undirected;1
599;600;Undirected;1
872;897;Undirected;1
6;51;Undirected;1
324;302;Undirected;1
98;5;Undirected;1
986;928;Undirected;1
333;343;Undirected;1
55;91;Undirected;1
493;442;Undirected;1
815;806;Undirected;1
736;712;Undirected;1
424;453;Undirected;1
228;274;Undirected;1
247;202;Undirected;1
974;979;Undirected;1
31;67;Undirected;1
455;448;Undirected;1
142;169;Undirected;1
338;388;Undirected;1
927;983;Undirected;1
997;925;Undirected;1
848;874;Undirected;1
558;521;Undirected;1
476;491;Undirected;1
302;329;Undirected;1
446;464;Undirected;1
314;385;Undirected;1
652;697;Undirected;1
66;95;Undirected;1
675;641;Undirected;1
405;493;Undirected;1
524;589;Undirected;1
216;226;Undirected;1
731;714;Undirected;1
118;116;Undirected;1
71;15;Undirected;1
621;679;Undirected;1
774;742;Undirected;1
147;105;Undirected;1
754;795;Undirected;1
276;201;Undirected;1
394;389;Undirected;1
24;69;Undirected;1
317;346;Undirected;1
774;754;Undirected;1
889;868;Undirected;1
584;563;Undirected;1
639;610;Undirected;1
59;44;Undirected;1
62;57;Undirected;1
701;723;Undirected;1
283;256;Undirected;1
148;116;Undirected;1
420;414;Undirected;1
157;141;Undirected;1
458;478;Undirected;1
1000;944;Undirected;1
963;950;Undirected;1
32;40;Undirected;1
783;739;Undirected;1
382;352;Undirected;1
342;345;Undirected;1
3;91;Undirected;1
278;268;Undirected;1
835;856;Undirected;1
281;288;Undirected;1
640;657;Undirected;1
907;946;Undirected;1
6;65;Undirected;1
763;772;Undirected;1
340;354;Undirected;1
909;963;Undirected;1
944;956;Undirected;1
709;791;Undirected;1
255;213;Undirected;1
611;604;Undirected;1
273;253;Undirected;1
625;680;Undirected;1
982;953;Undirected;1
291;259;Undirected;1
454;442;Undirected;1
89;16;Undirected;1
781;741;Undirected;1
996;960;Undirected;1
839;864;Undirected;1
639;699;Undirected;1
886;897;Undirected;1
98;88;Undirected;1
358;389;Undirected;1
550;595;Undirected;1
270;256;Undirected;1
274;250;Undirected;1
320;350;Undirected;1
405;461;Undirected;1
970;936;Undirected;1
365;313;Undirected;1
697;605;Undirected;1
893;818;Undirected;1
668;678;Undirected;1
867;816;Undirected;1
239;206;Undirected;1
268;223;Undirected;1
1;79;Undirected;1
873;833;Undirected;1
836;879;Undirected;1
642;683;Undirected;1
481;436;Undirected;1
23;42;Undirected;1
130;117;Undirected;1
655;638;Undirected;1
793;742;Undirected;1
584;527;Undirected;1
225;208;Undirected;1
874;805;Undirected;1
486;434;Undirected;1
699;678;Undirected;1
117;158;Undirected;1
729;798;Undirected;1
287;244;Undirected;1
378;362;Undirected;1
487;428;Undirected;1
359;365;Undirected;1
692;667;Undirected;1
130;161;Undirected;1
518;569;Undirected;1
496;470;Undirected;1
143;197;Undirected;1
605;633;Undirected;1
102;196;Undirected;1
386;335;Undirected;1
946;945;Undirected;1
137;125;Undirected;1
734;728;Undirected;1
331;323;Undirected;1
464;454;Undirected;1
92;74;Undirected;1
68;21;Undirected;1
96;89;Undirected;1
496;484;Undirected;1
44;43;Undirected;1
237;293;Undirected;1
138;198;Undirected;1
951;989;Undirected;1
115;152;Undirected;1
559;594;Undirected;1
361;389;Undirected;1
550;596;Undirected;1
497;447;Undirected;1
119;137;Undirected;1
912;994;Undirected;1
721;747;Undirected;1
21;84;Undirected;1
428;486;Undirected;1
240;264;Undirected;1
72;90;Undirected;1
539;591;Undirected;1
205;262;Undirected;1
814;833;Undirected;1
530;569;Undirected;1
557;531;Undirected;1
228;271;Undirected;1
678;616;Undirected;1
466;429;Undirected;1
547;514;Undirected;1
490;416;Undirected;1
869;862;Undirected;1
850;875;Undirected;1
66;10;Undirected;1
747;763;Undirected;1
7;26;Undirected;1
165;110;Undirected;1
728;736;Undirected;1
121;167;Undirected;1
66;73;Undirected;1
540;576;Undirected;1
90;75;Undirected;1
631;653;Undirected;1
198;146;Undirected;1
47;53;Undirected;1
875;857;Undirected;1
291;254;Undirected;1
471;414;Undirected;1
157;111;Undirected;1
405;499;Undirected;1
68;36;Undirected;1
215;246;Undirected;1
938;909;Undirected;1
854;804;Undirected;1
87;34;Undirected;1
925;922;Undirected;1
690;628;Undirected;1
678;611;Undirected;1
695;666;Undirected;1
804;834;Undirected;1
136;134;Undirected;1
726;763;Undirected;1
44;61;Undirected;1
526;590;Undirected;1
635;651;Undirected;1
476;463;Undirected;1
439;482;Undirected;1
279;253;Undirected;1
267;207;Undirected;1
702;736;Undirected;1
608;648;Undirected;1
991;964;Undirected;1
746;758;Undirected;1
256;215;Undirected;1
50;4;Undirected;1
995;942;Undirected;1
563;588;Undirected;1
879;802;Undirected;1
26;22;Undirected;1
848;855;Undirected;1
607;634;Undirected;1
356;302;Undirected;1
619;665;Undirected;1
660;687;Undirected;1
194;115;Undirected;1
582;518;Undirected;1
596;551;Undirected;1
27;78;Undirected;1
682;622;Undirected;1
186;134;Undirected;1
79;97;Undirected;1
216;209;Undirected;1
878;824;Undirected;1
540;587;Undirected;1
489;449;Undirected;1
144;162;Undirected;1
86;71;Undirected;1
958;910;Undirected;1
882;881;Undirected;1
997;995;Undirected;1
524;526;Undirected;1
195;109;Undirected;1
981;971;Undirected;1
27;90;Undirected;1
57;51;Undirected;1
387;326;Undirected;1
61;32;Undirected;1
482;461;Undirected;1
129;119;Undirected;1
361;341;Undirected;1
33;30;Undirected;1
952;972;Undirected;1
711;781;Undirected;1
291;217;Undirected;1
295;255;Undirected;1
114;106;Undirected;1
779;742;Undirected;1
860;821;Undirected;1
439;452;Undirected;1
758;787;Undirected;1
754;761;Undirected;1
27;30;Undirected;1
836;844;Undirected;1
496;422;Undirected;1
347;321;Undirected;1
737;759;Undirected;1
43;8;Undirected;1
806;894;Undirected;1
131;115;Undirected;1
282;259;Undirected;1
712;739;Undirected;1
706;785;Undirected;1
336;392;Undirected;1
386;317;Undirected;1
952;960;Undirected;1
445;433;Undirected;1
520;558;Undirected;1
5;54;Undirected;1
541;536;Undirected;1
809;854;Undirected;1
166;143;Undirected;1
268;271;Undirected;1
92;76;Undirected;1
379;374;Undirected;1
890;808;Undirected;1
528;554;Undirected;1
118;190;Undirected;1
892;879;Undirected;1
1000;931;Undirected;1
211;223;Undirected;1
156;181;Undirected;1
286;217;Undirected;1
972;945;Undirected;1
294;231;Undirected;1
60;63;Undirected;1
379;362;Undirected;1
70;32;Undirected;1
934;936;Undirected;1
405;488;Undirected;1
932;953;Undirected;1
298;261;Undirected;1
200;176;Undirected;1
902;941;Undirected;1
386;379;Undirected;1
680;632;Undirected;1
553;501;Undirected;1
508;591;Undirected;1
569;525;Undirected;1
960;955;Undirected;1
46;6;Undirected;1
151;127;Undirected;1
274;248;Undirected;1
747;789;Undirected;1
167;171;Undirected;1
437;460;Undirected;1
730;777;Undirected;1
759;719;Undirected;1
469;429;Undirected;1
230;221;Undirected;1
393;389;Undirected;1
579;600;Undirected;1
18;64;Undirected;1
691;685;Undirected;1
712;713;Undirected;1
394;358;Undirected;1
459;496;Undirected;1
769;751;Undirected;1
969;990;Undirected;1
715;743;Undirected;1
193;197;Undirected;1
55;28;Undirected;1
23;10;Undirected;1
202;289;Undirected;1
757;747;Undirected;1
827;868;Undirected;1
359;383;Undirected;1
800;789;Undirected;1
896;821;Undirected;1
789;741;Undirected;1
522;536;Undirected;1
736;717;Undirected;1
951;904;Undirected;1
230;245;Undirected;1
846;819;Undirected;1
9;61;Undirected;1
316;345;Undirected;1
296;216;Undirected;1
30;55;Undirected;1
668;642;Undirected;1
692;656;Undirected;1
778;763;Undirected;1
822;826;Undirected;1
176;145;Undirected;1
992;908;Undirected;1
211;267;Undirected;1
849;869;Undirected;1
829;875;Undirected;1
332;377;Undirected;1
422;463;Undirected;1
300;228;Undirected;1
7;13;Undirected;1
361;333;Undirected;1
643;631;Undirected;1
621;602;Undirected;1
996;969;Undirected;1
228;253;Undirected;1
763;708;Undirected;1
894;873;Undirected;1
658;679;Undirected;1
851;874;Undirected;1
869;812;Undirected;1
419;464;Undirected;1
986;947;Undirected;1
741;759;Undirected;1
130;196;Undirected;1
833;866;Undirected;1
477;445;Undirected;1
382;391;Undirected;1
536;523;Undirected;1
930;935;Undirected;1
81;20;Undirected;1
707;764;Undirected;1
215;259;Undirected;1
161;199;Undirected;1
433;439;Undirected;1
438;478;Undirected;1
903;997;Undirected;1
308;393;Undirected;1
151;130;Undirected;1
292;222;Undirected;1
871;874;Undirected;1
662;655;Undirected;1
286;261;Undirected;1
621;660;Undirected;1
114;153;Undirected;1
855;900;Undirected;1
758;737;Undirected;1
801;859;Undirected;1
331;343;Undirected;1
941;996;Undirected;1
644;664;Undirected;1
692;632;Undirected;1
964;902;Undirected;1
868;856;Undirected;1
271;202;Undirected;1
646;637;Undirected;1
927;911;Undirected;1
423;443;Undirected;1
769;754;Undirected;1
646;605;Undirected;1
53;47;Undirected;1
991;996;Undirected;1
953;944;Undirected;1
786;751;Undirected;1
459;412;Undirected;1
802;808;Undirected;1
217;235;Undirected;1
235;229;Undirected;1
23;11;Undirected;1
634;671;Undirected;1
343;369;Undirected;1
719;783;Undirected;1
853;855;Undirected;1
533;574;Undirected;1
782;745;Undirected;1
949;947;Undirected;1
210;218;Undirected;1
680;677;Undirected;1
294;299;Undirected;1
398;393;Undirected;1
514;551;Undirected;1
172;107;Undirected;1
686;669;Undirected;1
356;370;Undirected;1
473;446;Undirected;1
159;161;Undirected;1
131;160;Undirected;1
578;580;Undirected;1
99;71;Undirected;1
611;654;Undirected;1
292;258;Undirected;1
340;398;Undirected;1
652;664;Undirected;1
89;35;Undirected;1
47;49;Undirected;1
590;515;Undirected;1
722;703;Undirected;1
280;269;Undirected;1
240;214;Undirected;1
919;958;Undirected;1
273;229;Undirected;1
755;735;Undirected;1
844;847;Undirected;1
368;331;Undirected;1
611;679;Undirected;1
12;63;Undirected;1
509;585;Undirected;1
646;607;Undirected;1
744;704;Undirected;1
334;386;Undirected;1
918;979;Undirected;1
83;99;Undirected;1
961;954;Undirected;1
290;258;Undirected;1
429;498;Undirected;1
580;536;Undirected;1
144;157;Undirected;1
260;231;Undirected;1
619;648;Undirected;1
939;912;Undirected;1
120;153;Undirected;1
12;77;Undirected;1
530;523;Undirected;1
854;817;Undirected;1
386;337;Undirected;1
17;67;Undirected;1
179;180;Undirected;1
970;918;Undirected;1
940;958;Undirected;1
741;771;Undirected;1
943;927;Undirected;1
930;901;Undirected;1
107;142;Undirected;1
595;535;Undirected;1
28;43;Undirected;1
984;908;Undirected;1
493;435;Undirected;1
794;714;Undirected;1
499;495;Undirected;1
86;100;Undirected;1
298;213;Undirected;1
773;800;Undirected;1
915;986;Undirected;1
748;754;Undirected;1
748;776;Undirected;1
689;665;Undirected;1
747;741;Undirected;1
19;10;Undirected;1
114;121;Undirected;1
517;548;Undirected;1
455;448;Undirected;1
133;187;Undirected;1
102;200;Undirected;1
736;707;Undirected;1
554;576;Undirected;1
635;603;Undirected;1
908;909;Undirected;1
238;207;Undirected;1
515;529;Undirected;1
25;24;Undirected;1
375;380;Undirected;1
746;717;Undirected;1
328;323;Undirected;1
967;986;Undirected;1
211;289;Undirected;1
284;209;Undirected;1
914;986;Undirected;1
293;206;Undirected;1
791;730;Undirected;1
961;963;Undirected;1
656;686;Undirected;1
225;286;Undirected;1
564;593;Undirected;1
238;262;Undirected;1
644;601;Undirected;1
595;600;Undirected;1
667;607;Undirected;1
912;933;Undirected;1
454;461;Undirected;1
815;886;Undirected;1
193;104;Undirected;1
130;149;Undirected;1
132;169;Undirected;1
372;391;Undirected;1
899;860;Undirected;1
485;463;Undirected;1
403;460;Undirected;1
999;929;Undirected;1
135;158;Undirected;1
275;222;Undirected;1
820;884;Undirected;1
472;431;Undirected;1
676;653;Undirected;1
827;882;Undirected;1
699;666;Undirected;1
504;541;Undirected;1
775;754;Undirected;1
78;65;Undirected;1
474;459;Undirected;1
600;552;Undirected;1
284;291;Undirected;1
739;763;Undirected;1
128;115;Undirected;1
500;492;Undirected;1
797;739;Undirected;1
108;196;Undirected;1
925;979;Undirected;1
854;891;Undirected;1
338;382;Undirected;1
800;706;Undirected;1
49;80;Undirected;1
497;462;Undirected;1
933;934;Undirected;1
660;675;Undirected;1
513;560;Undirected;1
771;710;Undirected;1
602;653;Undirected;1
753;798;Undirected;1
172;196;Undirected;1
635;607;Undirected;1
725;745;Undirected;1
935;910;Undirected;1
881;900;Undirected;1
57;2;Undirected;1
417;488;Undirected;1
345;377;Undirected;1
226;264;Undirected;1
593;590;Undirected;1
935;986;Undirected;1
159;184;Undirected;1
434;477;Undirected;1
114;142;Undirected;1
438;406;Undirected;1
144;103;Undirected;1
473;463;Undirected;1
993;958;Undirected;1
725;761;Undirected;1
88;41;Undirected;1
165;160;Undirected;1
757;750;Undirected;1
932;925;Undirected;1
819;872;Undirected;1
767;737;Undirected;1
879;899;Undirected;1
442;402;Undirected;1
641;665;Undirected;1
396;305;Undirected;1
669;682;Undirected;1
394;366;Undirected;1
318;332;Undirected;1
176;101;Undirected;1
785;751;Undirected;1
881;896;Undirected;1
284;237;Undirected;1
182;109;Undirected;1
237;273;Undirected;1
745;757;Undirected;1
735;773;Undirected;1
722;706;Undirected;1
40;75;Undirected;1
665;636;Undirected;1
453;442;Undirected;1
271;272;Undirected;1
344;348;Undirected;1
315;371;Undirected;1
200;159;Undirected;1
815;834;Undirected;1
688;669;Undirected;1
884;840;Undirected;1
533;544;Undirected;1
21;33;Undirected;1
245;267;Undirected;1
762;726;Undirected;1
579;565;Undirected;1
850;842;Undirected;1
760;767;Undirected;1
755;729;Undirected;1
902;980;Undirected;1
726;768;Undirected;1
992;985;Undirected;1
486;476;Undirected;1
624;683;Undirected;1
389;376;Undirected;1
705;798;Undirected;1
812;866;Undirected;1
443;409;Undirected;1
645;671;Undirected;1
52;17;Undirected;1
407;478;Undirected;1
178;198;Undirected;1
136;110;Undirected;1
690;670;Undirected;1
620;672;Undirected;1
791;798;Undirected;1
310;371;Undirected;1
946;1000;Undirected;1
782;742;Undirected;1
578;505;Undirected;1
578;556;Undirected;1
88;98;Undirected;1
614;643;Undirected;1
202;256;Undirected;1
389;330;Undirected;1
112;111;Undirected;1
765;722;Undirected;1
803;825;Undirected;1
243;297;Undirected;1
448;491;Undirected;1
130;151;Undirected;1
60;16;Undirected;1
892;890;Undirected;1
137;190;Undirected;1
872;820;Undirected;1
370;351;Undirected;1
602;699;Undirected;1
428;445;Undirected;1
814;822;Undirected;1
671;637;Undirected;1
557;556;Undirected;1
707;792;Undirected;1
755;734;Undirected;1
723;780;Undirected;1
964;965;Undirected;1
383;372;Undirected;1
153;141;Undirected;1
329;318;Undirected;1
556;510;Undirected;1
57;62;Undirected;1
477;495;Undirected;1
127;155;Undirected;1
284;262;Undirected;1
289;293;Undirected;1
845;884;Undirected;1
413;487;Undirected;1
643;676;Undirected;1
622;646;Undirected;1
409;446;Undirected;1
159;110;Undirected;1
822;831;Undirected;1
38;74;Undirected;1
646;658;Undirected;1
97;7;Undirected;1
249;285;Undirected;1
949;969;Undirected;1
955;925;Undirected;1
324;372;Undirected;1
925;911;Undirected;1
695;670;Undirected;1
689;675;Undirected;1
825;898;Undirected;1
109;139;Undirected;1
806;849;Undirected;1
870;827;Undirected;1
929;985;Undirected;1
235;261;Undirected;1
422;439;Undirected;1
771;719;Undirected;1
183;107;Undirected;1
350;397;Undirected;1
455;414;Undirected;1
316;345;Undirected;1
91;93;Undirected;1
170;174;Undirected;1
732;750;Undirected;1
543;503;Undirected;1
798;776;Undirected;1
38;16;Undirected;1
203;202;Undirected;1
603;674;Undirected;1
726;780;Undirected;1
147;122;Undirected;1
680;601;Undirected;1
548;599;Undirected;1
466;433;Undirected;1
321;398;Undirected;1
640;615;Undirected;1
691;668;Undirected;1
975;928;Undirected;1
303;384;Undirected;1
187;120;Undirected;1
858;899;Undirected;1
323;375;Undirected;1
933;928;Undirected;1
813;883;Undirected;1
146;136;Undirected;1
323;392;Undirected;1
796;792;Undirected;1
344;336;Undirected;1
465;451;Undirected;1
417;450;Undirected;1
87;77;Undirected;1
81;77;Undirected;1
774;747;Undirected;1
867;880;Undirected;1
599;588;Undirected;1
56;93;Undirected;1
511;516;Undirected;1
717;715;Undirected;1
516;518;Undirected;1
837;885;Undirected;1
896;847;Undirected;1
322;310;Undirected;1
476;459;Undirected;1
380;368;Undirected;1
446;432;Undirected;1
405;478;Undirected;1
350;372;Undirected;1
589;536;Undirected;1
110;102;Undirected;1
79;32;Undirected;1
101;166;Undirected;1
752;733;Undirected;1
160;110;Undirected;1
48;29;Undirected;1
124;173;Undirected;1
354;313;Undirected;1
931;902;Undirected;1
475;425;Undirected;1
906;949;Undirected;1
884;813;Undirected;1
711;717;Undirected;1
19;60;Undirected;1
647;691;Undirected;1
481;425;Undirected;1
154;188;Undirected;1
632;637;Undirected;1
4;26;Undirected;1
610;602;Undirected;1
691;601;Undirected;1
63;22;Undirected;1
56;98;Undirected;1
125;108;Undirected;1
778;764;Undirected;1
903;946;Undirected;1
51;59;Undirected;1
916;929;Undirected;1
485;401;Undirected;1
735;767;Undirected;1
79;29;Undirected;1
716;724;Undirected;1
569;512;Undirected;1
402;497;Undirected;1
156;177;Undirected;1
63;6;Undirected;1
589;599;Undirected;1
287;258;Undirected;1
779;709;Undirected;1
348;358;Undirected;1
208;234;Undirected;1
758;730;Undirected;1
885;808;Undirected;1
283;211;Undirected;1
565;580;Undirected;1
869;877;Undirected;1
609;697;Undirected;1
569;531;Undirected;1
162;103;Undirected;1
154;124;Undirected;1
770;774;Undirected;1
117;120;Undirected;1
622;684;Undirected;1
975;909;Undirected;1
260;251;Undirected;1
950;995;Undirected;1
929;909;Undirected;1
827;853;Undirected;1
434;466;Undirected;1
1000;914;Undirected;1
423;487;Undirected;1
635;603;Undirected;1
606;683;Undirected;1
753;716;Undirected;1
317;394;Undirected;1
146;108;Undirected;1
935;961;Undirected;1
123;182;Undirected;1
643;674;Undirected;1
976;980;Undirected;1
805;873;Undirected;1
179;191;Undirected;1
959;920;Undirected;1
269;292;Undirected;1
3;58;Undirected;1
756;745;Undirected;1
352;391;Undirected;1
88;16;Undirected;1
357;337;Undirected;1
253;231;Undirected;1
736;716;Undirected;1
68;3;Undirected;1
287;288;Undirected;1
266;213;Undirected;1
613;694;Undirected;1
534;594;Undirected;1
624;678;Undirected;1
69;14;Undirected;1
17;76;Undirected;1
309;323;Undirected;1
535;556;Undirected;1
1000;983;Undirected;1
121;180;Undirected;1
205;265;Undirected;1
134;188;Undirected;1
368;339;Undirected;1
944;919;Undirected;1
387;394;Undirected;1
330;316;Undirected;1
289;297;Undirected;1
70;73;Undirected;1
881;814;Undirected;1
194;118;Undirected;1
616;604;Undirected;1
387;369;Undirected;1
475;428;Undirected;1
58;56;Undirected;1
322;313;Undirected;1
874;842;Undirected;1
506;547;Undirected;1
634;680;Undirected;1
165;157;Undirected;1
57;80;Undirected;1
197;119;Undirected;1
532;583;Undirected;1
623;680;Undirected;1
827;803;Undirected;1
735;778;Undirected;1
324;371;Undirected;1
794;787;Undirected;1
68;46;Undirected;1
69;87;Undirected;1
484;407;Undirected;1
819;862;Undirected;1
148;143;Undirected;1
174;182;Undirected;1
892;815;Undirected;1
692;689;Undirected;1
619;674;Undirected;1
889;829;Undirected;1
889;841;Undirected;1
805;821;Undirected;1
706;704;Undirected;1
437;461;Undirected;1
695;614;Undirected;1
976;923;Undirected;1
425;439;Undirected;1
94;9;Undirected;1
162;152;Undirected;1
413;500;Undirected;1
84;90;Undirected;1
523;511;Undirected;1
934;944;Undirected;1
380;363;Undirected;1
135;105;Undirected;1
355;358;Undirected;1
317;387;Undirected;1
560;594;Undirected;1
984;990;Undirected;1
507;551;Undirected;1
482;465;Undirected;1
129;155;Undirected;1
151;167;Undirected;1
648;671;Undirected;1
303;375;Undirected;1
376;332;Undirected;1
123;178;Undirected;1
649;687;Undirected;1
573;544;Undirected;1
445;410;Undirected;1
735;745;Undirected;1
127;168;Undirected;1
342;321;Undirected;1
673;654;Undirected;1
103;147;Undirected;1
59;89;Undirected;1
358;377;Undirected;1
410;420;Undirected;1
999;930;Undirected;1
871;872;Undirected;1
155;101;Undirected;1
826;885;Undirected;1
856;880;Undirected;1
630;681;Undirected;1
694;623;Undirected;1
392;362;Undirected;1
466;440;Undirected;1
498;496;Undirected;1
193;182;Undirected;1
574;525;Undirected;1
167;146;Undirected;1
502;530;Undirected;1
10;15;Undirected;1
902;969;Undirected;1
229;227;Undirected;1
148;165;Undirected;1
665;685;Undirected;1
870;900;Undirected;1
542;571;Undirected;1
813;892;Undirected;1
826;897;Undirected;1
114;171;Undirected;1
963;957;Undirected;1
624;681;Undirected;1
177;160;Undirected;1
618;621;Undirected;1
766;791;Undirected;1
998;973;Undirected;1
920;995;Undirected;1
660;681;Undirected;1
733;742;Undirected;1
238;202;Undirected;1
653;628;Undirected;1
608;635;Undirected;1
464;479;Undirected;1
421;470;Undirected;1
690;609;Undirected;1
122;144;Undirected;1
256;252;Undirected;1
704;732;Undirected;1
727;760;Undirected;1
448;454;Undirected;1
796;733;Undirected;1
215;272;Undirected;1
636;677;Undirected;1
879;826;Undirected;1
753;706;Undirected;1
516;573;Undirected;1
362;320;Undirected;1
594;575;Undirected;1
142;184;Undirected;1
602;678;Undirected;1
266;267;Undirected;1
555;552;Undirected;1
518;574;Undirected;1
906;989;Undirected;1
48;20;Undirected;1
1;83;Undirected;1
829;830;Undirected;1
277;289;Undirected;1
286;290;Undirected;1
609;694;Undirected;1
130;191;Undirected;1
900;864;Undirected;1
20;75;Undirected;1
435;472;Undirected;1
707;746;Undirected;1
486;411;Undirected;1
24;94;Undirected;1
161;169;Undirected;1
981;975;Undirected;1
399;325;Undirected;1
754;719;Undirected;1
690;674;Undirected;1
221;209;Undirected;1
539;524;Undirected;1
655;646;Undirected;1
427;423;Undirected;1
512;504;Undirected;1
385;387;Undirected;1
132;141;Undirected;1
821;812;Undirected;1
880;811;Undirected;1
966;915;Undirected;1
821;855;Undirected;1
890;808;Undirected;1
197;134;Undirected;1
87;91;Undirected;1
879;893;Undirected;1
462;424;Undirected;1
525;548;Undirected;1
926;940;Undirected;1
575;556;Undirected;1
348;345;Undirected;1
417;491;Undirected;1
974;998;Undirected;1
525;598;Undirected;1
813;844;Undirected;1
403;439;Undirected;1
721;724;Undirected;1
968;942;Undirected;1
136;107;Undirected;1
446;484;Undirected;1
110;185;Undirected;1
124;161;Undirected;1
474;493;Undirected;1
82;56;Undirected;1
852;874;Undirected;1
4;24;Undirected;1
892;849;Undirected;1
387;312;Undirected;1
689;620;Undirected;1
986;902;Undirected;1
977;907;Undirected;1
977;907;Undirected;1
588;580;Undirected;1
861;888;Undirected;1
674;627;Undirected;1
610;654;Undirected;1
930;937;Undirected;1
197;123;Undirected;1
57;49;Undirected;1
430;407;Undirected;1
88;48;Undirected;1
484;471;Undirected;1
141;118;Undirected;1
528;525;Undirected;1
466;422;Undirected;1
341;309;Undirected;1
956;962;Undirected;1
114;188;Undirected;1
136;108;Undirected;1
587;542;Undirected;1
546;544;Undirected;1
831;863;Undirected;1
242;275;Undirected;1
307;342;Undirected;1
143;198;Undirected;1
852;841;Undirected;1
45;67;Undirected;1
761;712;Undirected;1
32;67;Undirected;1
909;936;Undirected;1
712;753;Undirected;1
675;636;Undirected;1
319;302;Undirected;1
9;29;Undirected;1
674;680;Undirected;1
619;671;Undirected;1
427;413;Undirected;1
96;8;Undirected;1
416;462;Undirected;1
953;987;Undirected;1
517;514;Undirected;1
402;440;Undirected;1
415;489;Undirected;1
526;593;Undirected;1
140;171;Undirected;1
467;482;Undirected;1
809;849;Undirected;1
882;865;Undirected;1
662;602;Undirected;1
50;67;Undirected;1
290;236;Undirected;1
610;629;Undirected;1
563;550;Undirected;1
687;678;Undirected;1
536;594;Undirected;1
579;540;Undirected;1
784;733;Undirected;1
947;913;Undirected;1
65;24;Undirected;1
19;26;Undirected;1
582;525;Undirected;1
813;882;Undirected;1
18;42;Undirected;1
362;318;Undirected;1
435;449;Undirected;1
558;529;Undirected;1
777;788;Undirected;1
898;864;Undirected;1
138;166;Undirected;1
957;905;Undirected;1
417;500;Undirected;1
368;314;Undirected;1
208;292;Undirected;1
982;987;Undirected;1
18;3;Undirected;1
184;113;Undirected;1
290;226;Undirected;1
456;432;Undirected;1
100;55;Undirected;1
248;291;Undirected;1
619;632;Undirected;1
875;821;Undirected;1
28;27;Undirected;1
266;237;Undirected;1
577;506;Undirected;1
124;130;Undirected;1
690;641;Undirected;1
394;363;Undirected;1
219;284;Undirected;1
960;918;Undirected;1
24;80;Undirected;1
700;607;Undirected;1
340;386;Undirected;1
96;42;Undirected;1
555;566;Undirected;1
392;366;Undirected;1
680;636;Undirected;1
952;996;Undirected;1
200;123;Undirected;1
64;45;Undirected;1
565;511;Undirected;1
425;458;Undirected;1
119;196;Undirected;1
210;275;Undirected;1
808;832;Undirected;1
543;515;Undirected;1
64;39;Undirected;1
671;678;Undirected;1
688;699;Undirected;1
255;223;Undirected;1
153;128;Undirected;1
992;901;Undirected;1
43;11;Undirected;1
550;595;Undirected;1
143;176;Undirected;1
349;397;Undirected;1
135;184;Undirected;1
936;917;Undirected;1
113;118;Undirected;1
705;768;Undirected;1
100;50;Undirected;1
61;5;Undirected;1
536;501;Undirected;1
496;433;Undirected;1
506;573;Undirected;1
940;951;Undirected;1
477;460;Undirected;1
804;868;Undirected;1
635;641;Undirected;1
807;879;Undirected;1
337;396;Undirected;1
541;567;Undirected;1
513;553;Undirected;1
796;780;Undirected;1
117;101;Undirected;1
236;280;Undirected;1
359;398;Undirected;1
212;234;Undirected;1
167;125;Undirected;1
673;667;Undirected;1
688;685;Undirected;1
436;489;Undirected;1
999;904;Undirected;1
323;305;Undirected;1
755;718;Undirected;1
239;299;Undirected;1
977;915;Undirected;1
590;525;Undirected;1
14;72;Undirected;1
910;962;Undirected;1
772;773;Undirected;1
917;992;Undirected;1
642;683;Undirected;1
486;469;Undirected;1
3;56;Undirected;1
206;288;Undirected;1
311;389;Undirected;1
865;832;Undirected;1
392;395;Undirected;1
597;596;Undirected;1
938;997;Undirected;1
838;803;Undirected;1
305;332;Undirected;1
606;662;Undirected;1
425;415;Undirected;1
385;341;Undirected;1
822;866;Undirected;1
80;83;Undirected;1
205;231;Undirected;1
158;116;Undirected;1
656;682;Undirected;1
619;607;Undirected;1
69;39;Undirected;1
176;163;Undirected;1
855;804;Undirected;1
967;953;Undirected;1
679;657;Undirected;1
205;256;Undirected;1
675;685;Undirected;1
420;407;Undirected;1
743;737;Undirected;1
365;373;Undirected;1
534;598;Undirected;1
151;173;Undirected;1
433;417;Undirected;1
101;195;Undirected;1
846;818;Undirected;1
450;466;Undirected;1
822;883;Undirected;1
60;15;Undirected;1
227;228;Undirected;1
416;434;Undirected;1
528;595;Undirected;1
865;824;Undirected;1
658;672;Undirected;1
401;477;Undirected;1
840;824;Undirected;1
549;574;Undirected;1
440;458;Undirected;1
609;608;Undirected;1
287;219;Undirected;1
480;457;Undirected;1
874;858;Undirected;1
266;273;Undirected;1
734;704;Undirected;1
388;349;Undirected;1
528;580;Undirected;1
707;793;Undirected;1
223;222;Undirected;1
764;766;Undirected;1
933;992;Undirected;1
139;127;Undirected;1
758;730;Undirected;1
904;961;Undirected;1
115;108;Undirected;1
635;624;Undirected;1
80;6;Undirected;1
412;426;Undirected;1
91;37;Undirected;1
12;64;Undirected;1
76;85;Undirected;1
146;153;Undirected;1
434;477;Undirected;1
862;825;Undirected;1
101;103;Undirected;1
240;211;Undirected;1
865;842;Undirected;1
238;287;Undirected;1
883;864;Undirected;1
951;903;Undirected;1
706;773;Undirected;1
339;312;Undirected;1
600;581;Undirected;1
722;709;Undirected;1
448;449;Undirected;1
808;835;Undirected;1
377;340;Undirected;1
621;637;Undirected;1
513;503;Undirected;1
467;484;Undirected;1
372;350;Undirected;1
736;794;Undirected;1
259;238;Undirected;1
224;300;Undirected;1
881;879;Undirected;1
110;120;Undirected;1
970;988;Undirected;1
595;524;Undirected;1
873;898;Undirected;1
623;620;Undirected;1
473;487;Undirected;1
346;316;Undirected;1
351;393;Undirected;1
262;246;Undirected;1
381;309;Undirected;1
124;182;Undirected;1
311;356;Undirected;1
180;186;Undirected;1
677;664;Undirected;1
586;543;Undirected;1
640;697;Undirected;1
101;195;Undirected;1
480;450;Undirected;1
359;360;Undirected;1
562;578;Undirected;1
720;760;Undirected;1
245;202;Undirected;1
673;644;Undirected;1
51;28;Undirected;1
831;883;Undirected;1
373;336;Undirected;1
859;890;Undirected;1
118;188;Undirected;1
401;469;Undirected;1
906;929;Undirected;1
503;545;Undirected;1
212;266;Undirected;1
987;960;Undirected;1
595;550;Undirected;1
765;799;Undirected;1
124;140;Undirected;1
127;144;Undirected;1
174;197;Undirected;1
157;192;Undirected;1
209;225;Undirected;1
44;36;Undirected;1
172;148;Undirected;1
11;12;Undirected;1
409;445;Undirected;1
612;684;Undirected;1
870;826;Undirected;1
500;480;Undirected;1
62;56;Undirected;1
671;685;Undirected;1
859;850;Undirected;1
506;538;Undirected;1
649;652;Undirected;1
441;440;Undirected;1
662;669;Undirected;1
282;253;Undirected;1
684;671;Undirected;1
601;612;Undirected;1
755;716;Undirected;1
804;818;Undirected;1
535;542;Undirected;1
42;1;Undirected;1
9;10;Undirected;1
914;973;Undirected;1
654;619;Undirected;1
307;318;Undirected;1
152;143;Undirected;1
30;57;Undirected;1
113;138;Undirected;1
702;711;Undirected;1
976;921;Undirected;1
79;53;Undirected;1
295;235;Undirected;1
182;151;Undirected;1
745;735;Undirected;1
40;35;Undirected;1
546;581;Undirected;1
748;770;Undirected;1
357;359;Undirected;1
157;147;Undirected;1
819;808;Undirected;1
98;32;Undirected;1
906;943;Undirected;1
977;938;Undirected;1
865;891;Undirected;1
661;627;Undirected;1
895;874;Undirected;1
815;865;Undirected;1
287;224;Undirected;1
327;380;Undirected;1
125;107;Undirected;1
399;327;Undirected;1
868;879;Undirected;1
445;452;Undirected;1
606;663;Undirected;1
176;130;Undirected;1
898;814;Undirected;1
391;374;Undirected;1
110;132;Undirected;1
916;902;Undirected;1
375;336;Undirected;1
752;732;Undirected;1
270;221;Undirected;1
419;451;Undirected;1
187;110;Undirected;1
303;386;Undirected;1
421;471;Undirected;1
164;168;Undirected;1
181;195;Undirected;1
220;231;Undirected;1
214;291;Undirected;1
775;787;Undirected;1
89;16;Undirected;1
663;658;Undirected;1
312;399;Undirected;1
801;881;Undirected;1
8;18;Undirected;1
812;892;Undirected;1
68;85;Undirected;1
776;775;Undirected;1
379;394;Undirected;1
320;383;Undirected;1
581;572;Undirected;1
786;789;Undirected;1
533;524;Undirected;1
707;716;Undirected;1
403;472;Undirected;1
907;922;Undirected;1
463;450;Undirected;1
707;787;Undirected;1
628;632;Undirected;1
952;932;Undirected;1
488;408;Undirected;1
441;409;Undirected;1
275;235;Undirected;1
77;6;Undirected;1
148;188;Undirected;1
105;169;Undirected;1
667;635;Undirected;1
965;984;Undirected;1
534;542;Undirected;1
246;234;Undirected;1
341;371;Undirected;1
268;207;Undirected;1
24;14;Undirected;1
276;243;Undirected;1
719;725;Undirected;1
161;156;Undirected;1
810;900;Undirected;1
172;193;Undirected;1
258;299;Undirected;1
917;964;Undirected;1
385;316;Undirected;1
59;4;Undirected;1
878;881;Undirected;1
119;103;Undirected;1
669;689;Undirected;1
932;961;Undirected;1
355;386;Undirected;1
510;561;Undirected;1
723;724;Undirected;1
749;787;Undirected;1
943;970;Undirected;1
921;949;Undirected;1
137;153;Undirected;1
889;854;Undirected;1
19;86;Undirected;1
136;140;Undirected;1
697;609;Undirected;1
971;908;Undirected;1
916;940;Undirected;1
742;721;Undirected;1
449;467;Undirected;1
180;132;Undirected;1
317;392;Undirected;1
569;591;Undirected;1
958;921;Undirected;1
327;343;Undirected;1
592;520;Undirected;1
866;806;Undirected;1
411;462;Undirected;1
340;375;Undirected;1
198;133;Undirected;1
582;518;Undirected;1
598;551;Undirected;1
393;368;Undirected;1
850;831;Undirected;1
894;832;Undirected;1
203;265;Undirected;1
533;552;Undirected;1
628;627;Undirected;1
573;581;Undirected;1
624;615;Undirected;1
297;276;Undirected;1
138;110;Undirected;1
533;588;Undirected;1
832;900;Undirected;1
544;578;Undirected;1
403;408;Undirected;1
490;500;Undirected;1
529;600;Undirected;1
565;543;Undirected;1
205;227;Undirected;1
659;618;Undirected;1
273;264;Undirected;1
846;889;Undirected;1
686;660;Undirected;1
971;902;Undirected;1
47;96;Undirected;1
552;565;Undirected;1
710;720;Undirected;1
115;117;Undirected;1
571;545;Undirected;1
524;569;Undirected;1
485;472;Undirected;1
897;816;Undirected;1
466;414;Undirected;1
939;993;Undirected;1
329;374;Undirected;1
261;284;Undirected;1
447;487;Undirected;1
243;285;Undirected;1
588;572;Undirected;1
720;703;Undirected;1
530;548;Undirected;1
679;622;Undirected;1
275;270;Undirected;1
653;647;Undirected;1
227;285;Undirected;1
788;741;Undirected;1
604;643;Undirected;1
968;911;Undirected;1
539;543;Undirected;1
360;357;Undirected;1
297;221;Undirected;1
102;158;Undirected;1
986;962;Undirected;1
763;782;Undirected;1
822;872;Undirected;1
315;367;Undirected;1
912;920;Undirected;1
557;507;Undirected;1
335;393;Undirected;1
202;297;Undirected;1
788;721;Undirected;1
313;381;Undirected;1
86;55;Undirected;1
346;354;Undirected;1
362;303;Undirected;1
14;42;Undirected;1
608;687;Undirected;1
150;107;Undirected;1
947;909;Undirected;1
581;566;Undirected;1
102;171;Undirected;1
429;481;Undirected;1
134;101;Undirected;1
352;397;Undirected;1
947;994;Undirected;1
844;877;Undirected;1
30;32;Undirected;1
536;549;Undirected;1
867;885;Undirected;1
652;619;Undirected;1
59;55;Undirected;1
859;853;Undirected;1
687;675;Undirected;1
156;158;Undirected;1
621;612;Undirected;1
674;667;Undirected;1
791;741;Undirected;1
433;444;Undirected;1
359;338;Undirected;1
990;992;Undirected;1
185;173;Undirected;1
70;72;Undirected;1
309;345;Undirected;1
599;502;Undirected;1
247;290;Undirected;1
547;555;Undirected;1
462;418;Undirected;1
394;385;Undirected;1
214;218;Undirected;1
734;775;Undirected;1
167;113;Undirected;1
693;628;Undirected;1
825;884;Undirected;1
322;375;Undirected;1
574;558;Undirected;1
646;645;Undirected;1
194;124;Undirected;1
271;219;Undirected;1
219;289;Undirected;1
59;29;Undirected;1
209;228;Undirected;1
46;12;Undirected;1
392;347;Undirected;1
155;163;Undirected;1
179;173;Undirected;1
86;52;Undirected;1
196;155;Undirected;1
681;685;Undirected;1
348;353;Undirected;1
826;879;Undirected;1
621;639;Undirected;1
141;195;Undirected;1
633;650;Undirected;1
163;106;Undirected;1
300;222;Undirected;1
751;772;Undirected;1
384;391;Undirected;1
164;177;Undirected;1
886;839;Undirected;1
621;615;Undirected;1
846;830;Undirected;1
168;152;Undirected;1
883;859;Undirected;1
258;216;Undirected;1
556;503;Undirected;1
849;832;Undirected;1
273;220;Undirected;1
828;874;Undirected;1
435;427;Undirected;1
565;579;Undirected;1
673;611;Undirected;1
599;549;Undirected;1
98;27;Undirected;1
673;607;Undirected;1
320;384;Undirected;1
975;974;Undirected;1
222;214;Undirected;1
730;764;Undirected;1
328;329;Undirected;1
887;860;Undirected;1
218;222;Undirected;1
263;293;Undirected;1
934;927;Undirected;1
948;982;Undirected;1
488;464;Undirected;1
161;109;Undirected;1
883;807;Undirected;1
384;306;Undirected;1
235;213;Undirected;1
315;314;Undirected;1
435;489;Undirected;1
644;654;Undirected;1
102;108;Undirected;1
173;134;Undirected;1
292;224;Undirected;1
344;315;Undirected;1
200;138;Undirected;1
905;934;Undirected;1
871;860;Undirected;1
961;909;Undirected;1
635;626;Undirected;1
794;770;Undirected;1
826;889;Undirected;1
58;12;Undirected;1
50;52;Undirected;1
482;483;Undirected;1
673;611;Undirected;1
817;825;Undirected;1
59;7;Undirected;1
668;681;Undirected;1
77;12;Undirected;1
919;941;Undirected;1
499;456;Undirected;1
367;324;Undirected;1
938;923;Undirected;1
756;727;Undirected;1
954;911;Undirected;1
480;432;Undirected;1
195;115;Undirected;1
47;67;Undirected;1
808;881;Undirected;1
702;777;Undirected;1
179;139;Undirected;1
784;757;Undirected;1
822;877;Undirected;1
959;937;Undirected;1
368;339;Undirected;1
147;197;Undirected;1
743;744;Undirected;1
867;885;Undirected;1
46;75;Undirected;1
776;792;Undirected;1
123;200;Undirected;1
63;71;Undirected;1
874;821;Undirected;1
234;263;Undirected;1
422;466;Undirected;1
2;22;Undirected;1
298;297;Undirected;1
597;506;Undirected;1
171;167;Undirected;1
256;236;Undirected;1
450;469;Undirected;1
853;844;Undirected;1
343;356;Undirected;1
491;482;Undirected;1
241;238;Undirected;1
931;928;Undirected;1
886;864;Undirected;1
515;598;Undirected;1
977;939;Undirected;1
799;758;Undirected;1
100;84;Undirected;1
515;543;Undirected;1
196;105;Undirected;1
90;44;Undirected;1
397;362;Undirected;1
675;616;Undirected;1
122;124;Undirected;1
797;708;Undirected;1
723;726;Undirected;1
610;677;Undirected;1
469;468;Undirected;1
816;837;Undirected;1
956;972;Undirected;1
842;821;Undirected;1
555;562;Undirected;1
509;586;Undirected;1
793;764;Undirected;1
753;798;Undirected;1
800;701;Undirected;1
401;451;Undirected;1
792;755;Undirected;1
479;418;Undirected;1
751;739;Undirected;1
36;66;Undirected;1
176;184;Undirected;1
180;136;Undirected;1
281;207;Undirected;1
294;223;Undirected;1
36;65;Undirected;1
895;834;Undirected;1
788;787;Undirected;1
402;444;Undirected;1
424;450;Undirected;1
8;36;Undirected;1
306;366;Undirected;1
909;949;Undirected;1
70;79;Undirected;1
229;290;Undirected;1
904;988;Undirected;1
62;6;Undirected;1
411;432;Undirected;1
438;482;Undirected;1
160;168;Undirected;1
169;146;Undirected;1
916;961;Undirected;1
637;606;Undirected;1
466;467;Undirected;1
448;497;Undirected;1
324;319;Undirected;1
639;605;Undirected;1
226;201;Undirected;1
829;883;Undirected;1
186;173;Undirected;1
595;521;Undirected;1
522;527;Undirected;1
16;93;Undirected;1
555;597;Undirected;1
209;232;Undirected;1
298;279;Undirected;1
757;707;Undirected;1
66;63;Undirected;1
272;264;Undirected;1
365;397;Undirected;1
247;263;Undirected;1
910;934;Undirected;1
503;518;Undirected;1
792;798;Undirected;1
504;553;Undirected;1
874;829;Undirected;1
446;416;Undirected;1
817;837;Undirected;1
308;369;Undirected;1
316;328;Undirected;1
512;584;Undirected;1
255;210;Undirected;1
988;928;Undirected;1
74;99;Undirected;1
169;171;Undirected;1
449;438;Undirected;1
227;222;Undirected;1
654;676;Undirected;1
45;21;Undirected;1
452;495;Undirected;1
117;192;Undirected;1
685;670;Undirected;1
915;999;Undirected;1
660;643;Undirected;1
925;926;Undirected;1
471;476;Undirected;1
602;625;Undirected;1
494;428;Undirected;1
80;33;Undirected;1
345;387;Undirected;1
535;501;Undirected;1
304;323;Undirected;1
936;1000;Undirected;1
218;255;Undirected;1
616;621;Undirected;1
131;119;Undirected;1
604;628;Undirected;1
288;269;Undirected;1
277;231;Undirected;1
952;995;Undirected;1
199;136;Undirected;1
661;684;Undirected;1
89;47;Undirected;1
405;465;Undirected;1
765;772;Undirected;1
25;36;Undirected;1
47;14;Undirected;1
181;167;Undirected;1
913;954;Undirected;1
597;507;Undirected;1
471;436;Undirected;1
977;908;Undirected;1
21;83;Undirected;1
588;501;Undirected;1
542;514;Undirected;1
11;75;Undirected;1
971;913;Undirected;1
968;902;Undirected;1
890;820;Undirected;1
147;195;Undirected;1
674;607;Undirected;1
148;191;Undirected;1
158;192;Undirected;1
711;739;Undirected;1
949;937;Undirected;1
465;460;Undirected;1
556;510;Undirected;1
585;586;Undirected;1
231;284;Undirected;1
515;591;Undirected;1
408;450;Undirected;1
800;788;Undirected;1
422;485;Undirected;1
495;440;Undirected;1
149;165;Undirected;1
915;918;Undirected;1
449;450;Undirected;1
958;966;Undirected;1
936;975;Undirected;1
257;227;Undirected;1
924;969;Undirected;1
94;92;Undirected;1
472;482;Undirected;1
711;742;Undirected;1
21;44;Undirected;1
465;408;Undirected;1
489;483;Undirected;1
244;224;Undirected;1
26;60;Undirected;1
428;424;Undirected;1
910;969;Undirected;1
420;492;Undirected;1
644;668;Undirected;1
397;377;Undirected;1
781;796;Undirected;1
551;556;Undirected;1
827;843;Undirected;1
854;828;Undirected;1
402;431;Undirected;1
238;285;Undirected;1
851;841;Undirected;1
66;31;Undirected;1
320;329;Undirected;1
685;677;Undirected;1
731;743;Undirected;1
912;930;Undirected;1
47;43;Undirected;1
973;959;Undirected;1
222;294;Undirected;1
954;996;Undirected;1
983;905;Undirected;1
288;290;Undirected;1
35;41;Undirected;1
175;171;Undirected;1
566;559;Undirected;1
779;739;Undirected;1
104;142;Undirected;1
788;798;Undirected;1
633;609;Undirected;1
217;232;Undirected;1
85;89;Undirected;1
5;59;Undirected;1
497;500;Undirected;1
28;45;Undirected;1
241;269;Undirected;1
408;483;Undirected;1
450;448;Undirected;1
177;192;Undirected;1
345;379;Undirected;1
936;940;Undirected;1
879;850;Undirected;1
710;793;Undirected;1
764;793;Undirected;1
741;707;Undirected;1
384;332;Undirected;1
899;849;Undirected;1
544;524;Undirected;1
